Domain,DR,Dofollow ref. domains,Dofollow linked domains,"Traffic ","Keywords ",Links to target,New links,Lost links,Dofollow links,First seen,Lost
t.me,96,2704310,745711,24691306,2856007,1,1,1,1,2025-01-30 08:23:19,2025-03-06 03:42:28
prnewswire.com,92,441500,4807,853330,2475430,4,4,0,0,2025-04-08 09:39:03,
note.com,92,150675,7676,26712302,7129860,3,2,0,0,2024-07-18 00:48:50,
crunchbase.com,91,164225,4773,2594076,2220382,1,0,0,0,2024-05-27 00:31:45,
beehiiv.com,89,36574,151213,134189,86977,8,8,0,8,2024-07-31 06:49:11,
payhip.com,89,45268,716,197985,46921,1,1,0,0,2025-04-22 02:18:56,
techopedia.com,88,52942,5875,138,107354,1,1,1,1,2024-07-24 21:51:27,2024-12-05 03:25:12
lit.link,87,50719,59210,798597,48787,1,1,0,1,2025-03-26 08:58:55,
seoflox.io,87,2836,200,0,0,2,2,0,0,2025-01-23 13:31:14,
exlinko.org,87,2316,202,0,0,1,1,0,0,2025-02-08 12:43:48,
digitaljournal.com,87,89245,45881,8441,79206,4,0,0,0,2024-04-07 07:35:23,
framer.website,85,16216,23387,56833,20002,1,1,0,1,2025-07-12 21:21:15,
myfxbook.com,82,10474,4505,543895,86291,1,0,1,0,2024-02-09 22:16:25,2024-08-02 12:06:13
vocal.media,81,35460,96524,2093516,3478975,1,0,0,0,2024-02-07 13:53:55,
prnewswire.co.uk,79,18296,164,5608,78472,4,4,0,0,2025-03-20 13:30:57,
seositecheckup.com,79,14465,45003,340082,23127,1,1,0,0,2025-03-19 21:40:23,
newsfilecorp.com,78,11484,18549,20810,73285,8,6,0,8,2024-02-06 21:25:02,
ventsmagazine.com,77,24865,86743,21,18025,2,2,0,2,2025-02-18 08:36:44,
forexfactory.com,77,29630,408,3171422,55894,39,19,2,1,2024-02-11 05:00:47,
shor.by,77,16837,4722,5460,1963,1,1,0,1,2025-04-02 04:25:52,
webull.com,76,11381,368,477136,86133,4,4,0,0,2025-03-21 18:44:15,
wethrift.com,75,14593,4931,566344,221480,2,0,0,0,2024-02-08 07:42:07,
theorg.com,74,16374,693613,187873,883439,1,1,0,1,2025-07-07 15:46:51,
themalaysianreserve.com,74,25809,4009,22782,161458,4,4,0,0,2025-04-18 10:36:36,
marketing91.com,74,17788,154,57409,111419,1,1,0,0,2024-11-19 13:16:10,
finance.ua,73,11670,763,399841,158533,2,2,0,0,2025-01-10 16:49:05,
knoji.com,73,35825,6904,492480,473768,13,13,0,9,2025-05-16 16:50:40,
tradersunion.com,72,9985,674,612682,263637,38,28,2,0,2024-02-10 15:10:52,
iamatradersa.com,72,97,64,0,10,2,2,0,2,2025-02-17 08:45:45,
itxoft.com,72,7206,8,0,23,3,3,1,0,2024-12-23 05:14:56,
thewhig.com,72,6608,24439,39479,47999,4,0,4,4,2024-02-07 12:45:21,2025-04-20 02:52:40
ceoweekly.com,72,2113,1940,1406,2913,2,2,2,2,2025-01-18 12:14:49,2025-04-17 04:50:42
factmags.com,72,5444,8038,0,0,1,1,1,1,2025-05-09 19:40:31,2025-05-17 19:36:42
aijourn.com,72,2276,5254,2651,24666,4,4,0,0,2025-04-20 07:43:07,
sitelike.org,71,21251,179,11458,59875,24,24,0,0,2025-04-27 16:00:56,
kingranks.com,71,7393,6164030,0,0,2,1,0,2,2024-02-08 11:07:35,
myhon.ch,71,1062,260233675,0,0,1,1,0,1,2025-06-12 12:03:40,
savemycent.com,71,1522,1250,760,4752,10,10,0,7,2025-05-15 01:15:46,
modestmoney.com,71,3298,1085,798,7681,54,7,0,54,2024-02-08 19:33:35,
cinov.fr,71,1078,2538,610,3961,1,0,1,1,2024-07-18 06:13:09,2025-07-11 22:11:12
developmentmi.com,70,3675,5479468,0,1,2,2,0,2,2024-12-14 11:07:09,
starcourts.com,70,3211,5078170,0,61,1,1,0,1,2024-12-14 22:30:26,
heavenarticle.com,70,9236,3551204,0,1,2,1,0,2,2024-02-10 16:52:26,
wikifx.com,70,3398,27188,166645,41407,19,1,1,17,2024-02-08 05:39:41,
nssmc.gov.ua,68,1336,787,6138,1801,2,2,0,2,2025-01-09 16:19:37,
myvipon.com,67,8017,38534,27226,752,25,25,6,22,2024-11-15 10:21:47,
webranksite.com,67,3609,4879303,0,1,1,1,0,1,2024-12-15 03:37:55,
aobii.com,67,823,3534,0,0,1,1,0,0,2025-04-19 06:25:36,
cashbackforex.com,66,2237,1169,37908,39094,220,157,87,169,2024-02-10 07:51:49,
earnforex.com,66,6955,1919,20259,19480,2,1,0,0,2024-02-20 18:07:49,
scam-detector.com,65,6401,982,33668,166611,5,5,0,0,2025-01-27 03:43:28,
websitehubdirectory.com,64,2362,255339,0,0,1,0,1,0,2024-02-08 02:14:35,2025-04-13 08:55:22
webjunctiondirectory.com,64,2364,221449,0,0,1,0,1,0,2024-02-07 19:50:25,2025-04-13 01:34:42
webhubdirectory.com,64,2147,220166,0,0,1,0,1,0,2024-02-07 22:16:06,2025-04-15 02:10:33
radical.fm,63,908,273,16818,7449,2,0,0,0,2024-02-16 05:49:39,
topdomadirectory.com,63,1603,195557,0,0,1,0,1,0,2024-02-08 02:51:43,2025-04-14 06:16:00
topwebdirectoy.com,63,2376,995984,0,1,1,0,1,0,2024-02-08 06:06:54,2025-04-14 03:42:32
veethemes.co.in,63,1688,264391789,0,0,1,1,0,1,2025-07-14 02:28:07,
crypto.jobs,63,3454,2785,301,611,1,1,1,1,2025-04-03 01:06:01,2025-06-02 22:34:35
pirdu.com,63,2289,4834537,0,13,1,1,0,1,2024-12-13 09:16:38,
topmillionwebdirectory.com,63,2320,28282,0,0,1,0,1,0,2024-02-12 02:02:40,2025-04-12 19:34:53
rank-your.site,62,1799,0,0,0,1,1,0,0,2025-07-10 00:05:56,
operamediaworks.com,61,705,16146,210,2919,1,0,0,1,2024-02-22 23:59:02,
webrankdirectory.com,61,2161,80023,0,0,1,0,1,0,2024-02-07 17:47:17,2025-04-13 10:16:36
topacted.com,61,588,1218852,0,1,1,1,0,1,2024-12-14 06:18:04,
tntcode.com,60,6087,735,304,747,1,0,0,0,2024-02-12 08:23:57,
realreviews.io,60,2730,1082,99163,31917,7,7,1,6,2024-09-06 10:28:49,
einzerce.eu,60,205,246502265,0,0,1,1,0,1,2025-07-08 21:59:07,
prolinkbox.com,59,412,0,0,27,2,2,1,0,2024-10-12 20:54:10,
bye.fyi,59,955,8736,0,59,1,0,1,0,2024-05-19 18:19:37,2024-07-24 01:02:55
rank-fast.agency,58,522,0,0,0,2,2,0,0,2025-05-20 10:45:35,
websitescrawl.com,58,1530,498,10,519,4,2,3,0,2024-02-12 03:53:51,
coupontoaster.com,58,3735,371,2349,114906,1,1,0,0,2025-06-11 08:56:41,
harborxs.com,57,2521,209,0,0,1,1,1,0,2024-11-15 01:10:48,2024-12-31 06:40:44
backlinks-checker.com,57,651,16,0,2,1,1,0,0,2024-10-12 19:50:01,
fxverify.com,57,1075,1035,189337,128525,725,650,347,355,2024-02-11 00:47:33,
proxy.coupons,57,274,49,536,909,9,9,2,5,2025-03-10 16:36:21,
valforex.com,56,5654,235,0,0,88,85,79,88,2024-02-08 02:14:55,
khanesarmaye.com,56,970,474,5589,4669,2,2,1,2,2024-08-23 23:41:28,
directoryoflink.com,56,385,1216102,0,0,1,1,0,1,2024-12-13 10:54:07,
moneygame.pro,56,353,265651286,0,0,1,1,0,1,2025-05-28 02:04:55,
toparticlesdirectory.com,55,1389,2875397,0,0,1,1,0,1,2024-12-14 22:59:30,
ageokousei.jp,55,452,229342326,0,0,1,1,0,1,2025-04-30 04:30:43,
toplinksites.com,55,652,1314520,0,0,1,1,0,1,2024-12-13 10:27:00,
coinroop.com,55,838,7,0,0,1,1,1,0,2025-04-13 12:31:52,2025-07-05 04:57:45
topsitessearch.com,55,3242,1257,0,3,2,1,1,0,2024-03-08 08:31:15,
iranbroker.net,55,769,676,25164,7964,8,7,2,2,2024-02-15 16:03:46,
mex.com,55,849,7,1304,1737,1,1,0,0,2025-07-15 00:49:03,
website.show,55,606,1451,0,0,1,1,1,0,2024-09-30 06:50:38,2025-07-14 03:11:21
thefundedtraderprogram.com,55,801,77,58381,3496,2,1,0,1,2024-04-22 16:35:13,
topupdirectory.com,55,763,1313345,0,1,1,1,0,1,2024-12-14 00:35:53,
99bestsite.com,55,546,2514003,0,0,1,1,0,1,2024-12-13 12:18:08,
fxstreet.cz,55,1866,1315,65163,58340,1,0,0,1,2024-06-21 15:31:05,
wikibit.com,54,1744,6787,28609,15068,14,14,0,12,2025-05-09 18:42:20,
adproceed.com,54,5330,173,0,55,1,1,1,0,2024-08-30 21:53:04,2024-10-04 10:03:03
finclub.net,54,1781,2401,7035,11443,2,2,0,2,2025-01-11 18:14:15,
virtualsdirectory.com,54,678,1314848,0,1,1,1,0,1,2024-12-13 11:16:35,
eatradingacademy.com,54,3607,205,6728,2907,1,0,0,0,2024-02-17 06:57:43,
ezine-articles.com,53,1547,24001,6544,16,1,1,0,1,2025-03-01 16:14:16,
asmarterchoice.org,53,751,26,49,2377,3,3,1,0,2024-09-06 22:44:29,
ranksdirectory.com,53,587,3100285,0,0,1,1,0,1,2024-12-13 13:21:53,
moneymint.com,52,4783,1872,116436,38247,1,0,0,0,2024-03-20 22:30:51,
linkbox.agency,52,2292,20,0,0,1,1,1,0,2024-10-27 06:50:31,2024-11-26 23:24:35
bestdirectorysite.com,51,396,1214332,0,1,1,1,0,1,2024-12-13 10:45:07,
prepostlink.com,51,615,1312775,0,1,1,1,0,1,2024-12-13 12:31:04,
seoarticletime.com,51,661,2513988,0,0,1,1,0,1,2024-12-13 11:01:59,
affmaven.com,50,969,1429,15015,14906,14,14,0,0,2025-01-21 07:50:44,
skrumble.com,50,348,776,156,3398,2,0,0,0,2024-02-08 02:28:46,
007time.com,50,243,23,0,0,20,0,20,0,2024-02-16 21:39:09,2025-05-18 23:53:49
websitehubs.com,50,568,2461673,0,0,1,1,0,1,2024-12-13 09:54:23,
vix.lt,50,156,273517895,0,1,1,1,0,1,2025-06-04 17:08:14,
softranks.com,50,368,1078167,0,6,1,1,0,1,2024-12-14 11:49:34,
voyageny.com,50,614,783,699,1114,2,2,0,2,2025-01-31 14:51:17,
tradelocker.com,49,1242,404,58435,8832,24,24,12,24,2025-03-19 01:08:53,
confirmo.net,49,448,115,2079,1443,2,2,0,2,2024-08-24 03:27:30,
alenews.pl,49,246,379438022,0,0,1,1,0,1,2025-06-03 00:22:19,
propfirmmatch.com,49,680,332,158969,8068,64,64,64,64,2024-08-13 06:42:21,2025-03-07 11:25:16
starevaluator.com,48,353,20,518,4645,3,3,2,0,2025-03-02 01:11:53,
bkkbazaar.com,48,6018,7481,0,1,11,2,11,0,2024-02-16 16:30:20,2025-06-12 01:56:29
toplinksdirectory.com,48,329,790210,0,0,1,1,0,1,2024-12-14 16:27:48,
chieftainwagons.com,48,5730,8631,0,0,28,0,26,0,2024-02-18 13:55:18,
fhcrm.com,48,820,299,2,2,27,0,27,0,2024-02-16 16:35:04,2025-05-14 05:35:34
sparltech.com,48,5995,387,0,1,2,2,1,0,2024-11-22 05:15:29,
thearticletime.com,48,580,1312592,0,0,1,1,0,1,2024-12-13 15:18:07,
bountii.coupons,47,285,158,0,0,1,1,1,1,2024-08-28 19:52:58,2024-09-10 12:28:44
za.com,47,567,8,705209,73218,3,0,3,0,2024-07-06 09:16:21,2025-02-12 14:58:47
ranksarticle.com,47,310,819621,0,0,1,1,0,1,2024-12-14 12:55:40,
bieder.shop,47,2636,4371,0,0,14,0,14,0,2024-02-18 21:19:24,2025-05-26 02:59:35
starsarticle.com,47,336,793232,0,3,1,1,0,1,2024-12-14 11:51:08,
createonline7.com,47,6017,7704,0,0,6,0,5,0,2024-02-19 22:09:15,
shipthedeal.com,47,924,8276,3318,30168,6,3,2,0,2024-04-03 22:50:00,
bestarticleworld.com,47,368,819360,0,0,1,1,0,1,2024-12-14 11:05:28,
multiranks.com,47,325,819416,0,0,1,1,0,1,2024-12-14 11:53:02,
seodirectorysite.com,47,312,1078188,0,0,1,1,0,1,2024-12-14 11:24:17,
sjmfoundation.com,47,258,199015695,0,0,1,1,0,1,2025-05-01 16:56:17,
webhubsites.com,47,383,1078226,0,0,1,1,0,1,2024-12-14 13:58:15,
worldwideranks.com,46,276,1078292,0,0,1,1,0,1,2024-12-14 16:22:21,
rankdirectorysite.com,46,326,793228,0,3,1,1,0,1,2024-12-14 11:39:49,
directorycell.com,46,310,793333,0,0,1,1,0,1,2024-12-14 11:20:26,
atmosfunded.com,46,117,17,6,95,23,23,0,0,2025-04-30 14:39:28,
tushiewipers.com,46,5866,7732,0,0,12,0,11,0,2024-02-20 00:53:06,
forex.in.rs,46,1960,449,589,7289,4,4,0,0,2024-09-04 06:37:15,
crossover-p.com,46,1895,0,0,0,3,3,2,0,2024-10-18 01:24:54,
worldlinksites.com,46,307,819538,0,0,1,1,0,1,2024-12-14 12:34:06,
prop-firm-trading.fr,46,127,172,760,399,6,5,3,6,2024-05-09 13:11:27,
linksjump.com,46,123,0,0,192,1,1,1,0,2024-10-19 06:52:05,2024-12-02 23:51:30
kortingscouponcodes.nl,46,595,105,653,8728,1,0,0,0,2024-04-19 23:00:23,
1001promocodes.com,45,206,87,0,24,3,1,1,0,2024-02-10 08:46:33,
tradernew.pro,45,842,74,169,879,9,9,1,0,2025-04-10 22:10:03,
fx123.com,45,344,787,15,215,2,0,1,0,2024-02-12 05:19:02,
rockhate.com,44,6179,7353,0,1,14,0,14,0,2024-02-16 14:05:51,2025-05-12 13:15:29
freaksinlove.com,44,5810,7316,0,0,22,0,20,0,2024-02-16 13:46:25,
love.net.in,44,805,240,0,3,4,1,3,0,2024-02-14 03:49:03,
fazzaco.com,44,646,118,784,1819,3,3,3,3,2024-12-12 22:40:35,2025-01-21 10:29:51
funeralservicesuk.com,44,5767,6851,0,0,11,0,9,0,2024-02-17 06:15:35,
friendsofthebrule.com,44,5770,8414,0,0,18,0,18,0,2024-02-19 09:39:23,2025-07-17 02:24:46
coinworldstory.com,43,630,202,0,159,8,8,0,0,2025-04-10 11:20:43,
mygeschenkgutscheine.de,43,489,106,117,8141,1,1,0,0,2025-03-13 22:51:18,
indicatorspot.com,43,1002,39,12514,2616,3,3,1,0,2025-03-13 19:01:53,
1001buonisconto.it,43,902,62,1265,8103,1,0,0,0,2024-04-20 02:02:35,
reductioncodepromo.fr,43,478,59,576,10845,1,1,0,0,2024-11-06 03:00:37,
aperop.pics,43,66,21,0,0,31,0,31,0,2024-02-18 01:49:38,2025-01-11 21:25:28
golfcoursehomesaz.com,43,5879,6675,0,0,20,0,20,0,2024-02-17 18:28:40,2025-05-08 12:25:45
fx-premiumtrade.com,43,179,47,2,667,4,4,0,0,2025-03-10 12:09:08,
leafwire.com,42,407,30901,142,157,2,0,2,2,2024-06-05 20:48:28,2025-05-25 23:10:21
parlamasplace.com,42,5717,7312,0,3,7,0,7,0,2024-02-18 14:03:53,2025-05-08 23:58:51
clintonnewsrecord.com,42,708,12034,131,1449,4,0,4,4,2024-02-07 07:42:48,2025-06-14 13:06:37
sbyme.com,42,803,2463204,0,2,1,1,0,1,2024-12-13 12:51:42,
hjmalone.com,42,5649,3420,0,0,5,5,5,0,2024-09-27 04:32:33,2025-05-11 13:13:13
jobsapp.info,41,1041,399632205,0,0,3,3,0,3,2024-11-09 09:11:58,
trustify360.com,41,133,27490,0,1,8,8,0,8,2024-07-30 18:05:35,
e8funding.com,41,218,19,48,5,323,113,265,318,2024-02-05 10:30:58,
guestinvest.com,40,402,235,16,349,33,25,2,33,2024-02-08 00:01:18,
cryptocraft.com,40,1231,124,4566,4763,148,134,7,2,2024-02-11 04:19:25,
webworthdirectory.com,40,1484,518504,0,1,1,0,1,0,2024-02-08 12:31:26,2025-04-13 06:25:57
pinchercreekecho.com,40,565,6715,123,340,4,0,4,4,2024-02-07 00:31:04,2025-05-22 12:54:46
secretstotrading101.com,40,167,129,176,444,17,12,13,9,2024-05-17 09:38:01,
forexrobotnation.com,39,1314,70,718,675,1,0,0,0,2024-02-08 05:04:29,
tradingeducation.fr,39,181,10,7467,1058,1,0,0,0,2024-03-27 08:57:54,
projectx.com,39,154,21,4091,807,1,1,0,1,2025-04-17 00:38:13,
ratingpropfirms.com,38,196,2,0,4,20,20,20,20,2024-08-23 10:00:30,2024-09-02 08:44:48
ageddomainsforeverytaste.club,38,76,165094117,0,0,3,3,0,3,2025-03-31 07:55:54,
w3bdirectory.com,38,132,62,0,0,3,3,1,0,2024-09-27 10:28:08,
thegraphicleader.com,38,623,31013,463,1819,4,0,4,4,2024-02-07 00:59:24,2025-05-08 15:35:42
hannaherald.com,38,474,4016,68,313,4,0,4,4,2024-02-07 01:10:19,2025-05-25 06:30:17
teexan.best,38,2371,8275,0,0,14,0,14,0,2024-02-17 03:39:49,2025-05-19 03:29:44
mdfinancialskills.org,38,200,127,143,588,13,12,1,13,2024-06-15 12:09:59,
trustedrevie.ws,38,2772,2417,1250,16784,2,0,0,0,2024-07-09 00:03:32,
jewfind.com,38,991,1228,0,0,21,1,21,0,2024-02-18 07:59:42,2024-11-29 19:52:55
investfox.com,38,339,227,1823,3982,1,0,0,1,2024-05-12 23:44:12,
sarmayex.com,38,693,295,3121,1658,1,0,0,1,2024-07-09 18:03:29,
vitaloweb.com,37,74,24,0,0,2,0,2,0,2024-02-28 22:13:37,2025-05-08 20:06:47
awlens.best,37,2329,8178,0,0,11,0,11,0,2024-02-18 18:37:15,2025-05-13 22:40:03
forexcracked.com,37,1316,210,4917,3090,2,2,1,2,2025-03-20 03:59:05,
skincityindia.com,37,961,1458,1368,339,2,2,0,2,2024-07-30 17:50:40,
browseallexpireddomains.us,37,71,117474631,0,0,2,2,0,2,2025-06-03 08:48:26,
sdfsec.org,37,288,96,10,51,1,1,1,1,2024-07-27 01:13:08,2025-05-08 12:09:48
theforexgeek.com,37,1147,128,80,3103,1,1,0,0,2025-03-13 20:10:06,
melfortjournal.com,37,597,9376,189,944,4,0,4,4,2024-02-08 09:14:04,2025-05-24 07:47:47
finanzradar.de,36,306,46,9912,4441,18,18,6,0,2025-04-05 17:53:07,
mostcomfortableheadphonestosleepin.xyz,36,1159,405478,0,0,3,3,1,3,2025-06-13 15:37:02,
aftabtech.ir,36,642,57857,0,2,1,1,1,1,2024-11-17 14:35:24,2025-02-15 15:20:02
sourdough.com,36,1994,2915,541,6290,4,4,3,4,2024-08-29 04:28:10,
isitdownorjustme.net,36,591,80,7722,16865,1,1,1,0,2025-01-24 15:32:24,2025-04-28 20:03:10
traderspost.io,36,126,157,7101,4856,19,19,0,19,2025-06-24 04:17:40,
region.co.in,36,601,414,0,19,3,1,2,0,2024-05-07 16:28:57,
match-trader.com,35,307,94,4905,6416,6,5,0,6,2024-06-06 08:20:31,
fikiri.net,35,1617,4236,163,5549,2,1,1,0,2024-02-12 04:31:33,
metalsmine.com,35,1050,56,3018,3200,28,15,1,0,2024-02-11 11:44:19,
kichlistudios.com,35,2766,928,0,0,14,0,14,0,2024-02-18 10:43:44,2025-05-28 07:26:16
besafe.in,35,714,106,0,2,4,1,3,0,2024-02-10 01:23:22,
one.net.in,35,665,247,9,165,3,1,2,0,2024-02-13 14:18:33,
gnartr.best,35,2357,8157,0,0,12,0,12,0,2024-02-18 07:15:04,2025-05-17 05:48:06
toplist.co.in,35,714,631,4,58,1,1,0,0,2024-12-01 01:20:38,
allwebsites.net,35,751,195,0,0,3,0,2,0,2024-02-13 16:08:16,
feelfree.in,35,1328,151,0,265,4,0,3,0,2024-02-08 15:51:47,
topdoma.in,35,704,195,0,16,3,1,2,0,2024-02-12 05:04:44,
new.net.in,35,635,235,0,0,4,2,3,0,2024-02-09 10:24:29,
katmoviehd.wf,34,239,330343353,0,0,1,1,0,1,2025-06-12 07:43:35,
list.net.in,34,927,232,2,37,4,1,3,0,2024-02-08 11:23:43,
promotionalcode.in,34,18,25,72,15,1,0,0,0,2024-02-06 22:56:55,
vidavue.com,34,985,95,0,0,18,0,18,0,2024-02-20 18:33:15,2025-05-09 03:18:53
officialwebsites.in,34,940,357,0,98,3,1,2,0,2024-02-08 14:20:08,
searchhotels.in,34,731,305,0,71,2,1,1,0,2024-02-12 01:21:13,
newfilms.in,34,955,207,0,4,4,1,3,0,2024-02-07 22:35:53,
vexibi.best,34,2233,6581,0,0,20,0,20,0,2024-02-17 20:29:48,2025-05-17 07:26:02
acanda.shop,34,2467,7732,0,0,3,0,3,0,2024-03-08 14:16:15,2025-05-10 22:56:44
surekha.co.in,34,619,427,27,171,3,0,2,0,2024-02-10 16:21:07,
onlinefestival.in,34,916,261,0,1,4,0,3,0,2024-02-10 16:03:28,
codigosdescuentospromocionales.es,34,1196,72,2540,10022,1,1,1,0,2025-01-03 10:41:57,2025-01-10 21:11:50
soupspooncafe.com,34,1595,120,399,302,1,1,1,1,2025-03-01 22:35:45,2025-04-14 17:08:27
tjeklist.com,33,2727,7315,0,0,1,1,1,0,2024-10-06 18:21:25,2025-04-19 14:29:10
websiteslist.net,33,177,6,0,0,1,0,1,0,2024-02-09 23:01:59,2025-04-16 03:14:50
millacfoods.com,33,6480,2609,1323,180,1,1,1,1,2024-07-21 07:23:54,2024-10-21 01:51:15
websitefinder.org,33,132,3410,0,1,3,3,2,0,2024-08-06 19:08:29,
troublebbs.com,33,2613,3944,0,0,5,5,5,0,2024-09-29 17:23:17,2025-06-26 00:54:03
pardso.shop,33,2615,7109,0,0,2,0,2,0,2024-03-10 08:54:40,2025-05-10 14:04:14
adsandclassifieds.com,33,1912,5276,85,100,2,2,0,2,2025-03-13 19:05:03,
imaths.online,33,2821,7162,0,0,20,20,20,0,2024-10-03 17:41:08,2025-03-04 23:57:04
upgradedreviews.com,33,871,1924,1,387,10,10,0,1,2025-04-01 06:14:46,
fundedtrader.fr,32,203,48,1565,640,25,25,2,25,2025-03-15 03:10:22,
wikifxcn.com,32,100,12972,0,0,17,0,0,16,2024-03-02 06:22:19,
whitegullinnbb.com,32,78,5,0,0,21,0,21,0,2024-02-17 15:23:31,2025-05-08 22:04:42
energyexch.com,32,571,27,28,258,48,27,30,0,2024-02-11 10:18:09,
cuiscl.shop,32,2539,6585,0,0,7,0,6,0,2024-03-08 17:09:13,
aquafunded.com,32,203,262,6275,1556,4,4,0,4,2024-11-10 17:02:18,
fxmerge.com,31,217,3370,376,5539,45,41,6,45,2024-02-17 12:59:37,
broker-forex.fr,31,502,511,1130,3671,6,1,1,2,2024-05-04 00:09:32,
onwpthemes.com,31,922,6206,0,0,1,1,1,1,2024-10-25 00:28:58,2024-11-26 02:43:57
fin.org.ua,31,304,712,310,1324,2,2,0,2,2025-01-17 10:06:36,
baings.best,31,2263,5902,0,0,55,14,53,0,2024-02-17 05:14:55,
eikoos.shop,31,1826,5916,0,0,31,0,31,0,2024-02-13 22:53:29,2025-05-25 03:22:15
financewalk.com,31,1284,469,46,1186,1,0,0,1,2024-02-09 13:30:19,
londonreviews.co.uk,31,496,225,6,108,2,0,0,2,2024-01-09 12:55:50,
opinatron.com,31,445,174,1350,1381,3,0,1,0,2024-05-25 04:31:18,
readeo.best,30,1977,6574,0,0,20,0,20,0,2024-02-17 04:39:37,2025-05-09 07:13:32
videobourse.fr,30,400,5056,80,853,8,4,4,8,2024-02-13 09:47:29,
priceactionltd.com,30,142,11,92,30,1,0,1,0,2024-02-07 14:39:36,2024-09-27 19:27:00
qingon.best,30,1851,7168,0,0,38,0,38,0,2024-02-10 20:48:06,2025-05-21 11:20:47
muctru.shop,30,1871,1228,0,0,15,0,15,0,2024-02-16 12:03:21,2025-05-13 07:36:52
rebatekingfx.com,30,361,980,10678,19365,244,206,124,148,2024-06-23 08:08:18,
flygrevyn.com,30,1898,7452,0,0,16,0,16,0,2024-02-27 14:42:48,2025-05-07 18:17:34
hallo.co.uk,30,1345,41,1087,1462,3,3,0,0,2024-10-02 18:49:28,
topdir.net,30,334,61,0,1,4,1,3,0,2024-03-30 18:01:03,
kuponation.com,30,63,2,0,19,1,0,0,0,2024-04-26 05:07:39,
fxeyetips.com,30,98,13075,0,0,15,15,0,14,2024-10-08 19:14:04,
thegranarysa.com,29,290,4,61,188,1,0,0,0,2024-06-17 18:08:28,
joker78.xyz,29,693,298761,0,0,2,2,2,2,2025-06-14 04:53:35,2025-06-15 10:44:25
vnrebates.io,29,241,298,390,2,1,0,0,0,2024-06-25 09:17:53,
apkmodac.best,29,57,4,0,0,1,0,1,0,2024-02-17 17:27:12,2025-05-06 12:06:07
choq.fm,29,3199,8913,121,6942,3,0,0,0,2024-02-07 14:50:27,
honter.shop,29,1718,6388,0,0,23,0,23,0,2024-02-16 06:37:35,2025-05-19 11:13:53
cobass.best,29,1836,3329,0,0,31,4,31,0,2024-02-18 16:43:34,2025-07-10 03:36:58
gymitt.shop,29,1855,4575,0,0,11,0,11,0,2024-02-16 11:33:15,2025-05-11 11:48:18
thesapphiremansions.com,29,335,1079,0,1,1,1,1,1,2025-01-14 22:46:29,2025-03-12 10:37:19
oarnic.best,28,1790,3129,0,0,16,0,16,0,2024-02-18 17:09:48,2025-07-01 00:45:59
finansovik.com,28,262,70,3626,3940,9,9,0,0,2025-05-28 04:26:23,
fortraders.com,28,134,97,5126,2101,1,1,0,0,2025-04-07 17:03:17,
bestforexbonus.com,28,649,2705,8203,1655,2,0,2,2,2024-06-30 00:25:45,2025-03-21 14:43:08
noyant.shop,28,1739,5504,0,0,30,8,30,0,2024-02-18 12:05:03,2025-05-26 00:53:19
phantomtradingfx.com,28,154,55,184,89,4,0,2,4,2024-02-12 22:33:07,
hepcatrevival.com,28,78,0,0,0,15,0,15,0,2024-02-19 15:49:29,2025-05-10 05:49:20
frosto.best,27,1818,2774,0,0,8,0,8,0,2024-02-19 21:36:10,2025-05-10 18:45:49
qa-animals.info,27,208,333173829,0,0,2,2,1,2,2024-11-19 15:32:23,
le-caribeen.fr,27,273,8123,272,795,1,1,1,1,2024-07-27 09:16:23,2025-02-08 19:30:42
finap.com.ua,27,50,443,822,1251,1,1,0,1,2025-01-10 12:54:18,
medicareplus.com.ph,27,1604,8324,9,23,6,6,6,6,2024-10-28 04:29:18,2025-06-05 13:10:45
motivation.africa,27,661,967,7,917,1,1,0,1,2024-12-02 22:03:37,
markreadstudio.com,26,1772,6504,0,0,26,0,26,0,2024-02-27 21:27:34,2025-07-15 12:09:30
apkmodt.best,26,57,12,0,0,7,0,7,0,2024-02-25 22:58:26,2025-05-16 16:13:36
superslot289.xyz,26,523,415685,0,1,2,2,1,2,2025-06-16 23:36:15,
utobrokers.com,26,402,172,1031,356,3,1,0,1,2024-07-19 08:56:21,
mamasbristolcic.com,26,1401,6683,0,0,24,0,24,0,2024-03-07 03:44:30,2025-05-31 13:08:54
sthabb.pics,26,2051,21,0,0,13,1,13,0,2024-02-17 02:17:30,2025-05-30 23:38:17
apkmododyn.best,26,61,3,0,0,7,0,7,0,2024-02-22 22:45:19,2025-05-20 02:12:22
urldirectory.net,26,586,140,0,0,3,1,2,0,2024-02-08 16:41:12,
pgslotvip.xyz,26,664,435952,0,0,2,2,2,2,2025-06-19 00:24:36,2025-06-20 19:39:32
murahkitchen.my,26,1779,939627,547,2252,1,1,0,1,2025-04-24 06:19:19,
investworld.net,25,183,7,0,0,1,0,1,1,2024-02-20 03:22:33,2025-02-04 04:27:40
okwin99.xyz,25,527,360249,0,0,1,1,0,1,2025-06-14 18:48:07,
wdaijun.xyz,25,1020,591207,0,0,2,2,1,2,2025-06-14 05:25:21,
linksjump.info,25,1003,0,0,2,1,1,1,0,2025-04-22 06:16:34,2025-05-31 03:39:33
caiman888.xyz,25,616,506785,0,0,2,2,1,2,2025-06-15 00:24:27,
seolink.info,25,1727,13,0,0,2,2,2,0,2024-10-05 15:42:31,2025-01-22 19:01:30
svg.zone,24,5,17011,2,47,5,5,0,5,2025-03-11 04:01:35,
uptrader.io,24,126,162,453,285,37,37,35,37,2024-09-06 03:01:07,
boost-your-site-with-homepage-backlinks.us,24,98,204287809,0,0,1,1,0,1,2025-04-29 10:05:46,
thetrustedprop.com,24,54,389,5051,1500,2,2,1,2,2025-03-15 01:18:46,
ethbits.com,24,219,9,0,42,1,0,1,0,2024-04-18 22:31:45,2025-05-02 15:27:21
propinsider.com,24,45,36,2,148,4,4,3,4,2025-03-18 20:52:59,
coinmania.com,24,246,1131,317,1397,1,1,0,1,2025-03-26 09:24:41,
vettedpropfirms.com,23,43,12,0,8,3,3,0,0,2025-06-21 00:28:54,
blwonlinetrading.com,22,70,66,0,7,1,0,0,1,2024-02-27 01:13:27,
fashioment.com,22,983,196086,0,0,1,1,0,1,2025-06-17 19:47:14,
dnbforexpriceaction.com,22,185,1141,0,1,1,1,0,1,2024-10-04 03:43:44,
pgslot3579.xyz,22,526,462985,0,0,3,3,3,3,2025-06-14 15:08:43,2025-06-17 22:28:25
fxeye555.com,22,75,8527,0,0,1,0,0,1,2024-02-14 19:03:23,
hindisport.com,22,47,12,0,0,1,1,1,0,2024-08-26 22:23:34,2024-11-18 15:49:18
sebillekazan.xyz,22,1140,538013,0,0,1,1,0,1,2025-06-15 20:22:21,
propfirmplus.com,22,63,100,1300,660,7,7,0,4,2025-04-19 02:58:23,
mtcap.com.br,22,1115,1184,4800,518,1,1,1,1,2024-11-17 14:44:11,2025-07-02 23:20:17
servicerate.com,21,279,14643,1142,6700,3,1,0,3,2024-07-03 03:29:32,
investomania.co.uk,21,677,77,189,1532,1,0,0,1,2024-03-01 21:46:41,
topkin.best,21,18,5,0,0,1,0,1,0,2024-02-20 22:19:50,2025-05-12 10:53:55
web-free-ads.com,21,1203,1940,300,633,3,3,3,3,2024-11-22 12:53:55,2025-04-12 17:44:33
miziro.ru,21,244,697751,0,0,2,2,1,2,2024-08-18 04:32:51,
cheftools.com.sa,21,1378,16788,1092,1261,1,1,1,1,2024-11-19 03:36:42,2025-03-11 05:04:40
teamofkeys.com,21,37,68,0,10,1,1,1,1,2025-06-26 20:40:48,2025-07-15 12:30:11
osx.com.ar,21,539,18,727,259,1,1,1,1,2025-04-01 03:33:04,2025-04-14 15:02:36
mydomaininfo.com,20,113,70,0,5,2,2,1,0,2024-08-12 03:28:35,
apkmodch.best,20,62,3,0,0,4,0,4,0,2024-02-23 19:49:27,2025-05-12 07:46:00
linkdonation.com,20,513,185,0,23,2,1,1,0,2024-04-26 02:11:48,
joeiful.com,20,106,109,0,0,20,0,20,0,2024-02-18 18:58:50,2025-06-03 23:27:38
gamekapital.xyz,20,552,576121,0,0,2,2,1,2,2025-06-16 22:06:20,
piratezlot.xyz,20,534,291549,0,0,3,3,3,3,2025-06-16 16:40:16,2025-06-18 00:54:00
dautuviet.vn,20,346,388,571,1016,9,9,1,0,2024-12-18 08:01:00,
internetbookpublishingsecrets.com,20,47,6,0,0,15,0,15,0,2024-02-18 11:54:24,2025-05-16 12:44:36
myperfumes.store,20,990,1009,0,0,1,0,1,1,2024-07-19 02:50:23,2024-12-13 15:19:06
whenregistered.com,20,549,86,0,0,2,1,1,0,2024-02-13 00:11:28,
meilleur-prop-firm.click,20,109,13,3,24,1,1,1,1,2024-09-11 14:35:58,2024-10-10 18:31:51
alfatelematica.com,20,182,54,0,2,3,0,3,0,2024-02-19 14:59:02,2025-05-12 10:57:28
apkmodswor.best,20,55,2,0,0,3,0,3,0,2024-02-17 22:13:22,2025-05-08 01:43:44
kodambroker.com,19,191,153,417,907,1,0,0,0,2024-05-14 04:07:44,
apkmodbb.best,19,57,4,0,0,2,0,2,0,2024-02-24 20:02:59,2025-05-13 17:41:21
pgslotgta.xyz,19,521,250624,0,0,2,2,2,2,2025-06-21 04:09:47,2025-06-24 19:06:02
livingfromtrading.com,19,919,85,2985,3936,637,361,341,0,2024-02-09 05:47:04,
startcrack.xyz,19,668,572674,0,0,3,3,0,3,2025-06-19 16:08:26,
topsay.best,19,19,0,0,0,1,0,1,0,2024-03-25 01:03:28,2025-06-05 21:33:17
fnforex1.com,19,223,24,16,109,1,1,0,1,2025-04-10 02:18:41,
999superslot.xyz,19,519,515705,0,0,1,1,1,1,2025-06-21 03:48:19,2025-06-21 06:52:00
all-aged-domains.com,18,612,396561987,0,0,2,2,1,2,2024-12-31 09:32:25,
start-business-online.com,18,810,105,585,1235,7,7,0,5,2024-12-18 08:56:17,
apkby.best,18,52,4,0,0,8,0,8,0,2024-02-18 08:54:54,2025-06-19 05:31:48
globaladstorm.com,18,566,17,1,464,1,1,1,0,2025-03-12 12:18:46,2025-05-21 10:33:48
slotxo-xo.xyz,18,524,571611,0,2,5,5,0,5,2025-06-13 15:54:57,
thetech.buzz,18,16,1432,410,81,3,3,0,3,2024-11-01 09:56:34,
proptraders.de,18,10,62,42,99,58,58,42,58,2025-01-25 17:48:32,
duvisi.pics,18,2032,2213,0,0,25,24,25,0,2024-03-07 00:56:32,2025-05-21 23:28:52
sureshotfx.com,17,109,79,9243,1820,4,0,4,4,2024-02-11 20:48:11,2025-04-29 11:51:53
chalhoublive.com,17,64,45,0,0,14,0,14,0,2024-02-18 06:26:14,2025-05-19 01:25:39
paracurve.com,17,140,307,21,110,1,0,0,0,2024-02-08 17:20:17,
masourceexpress.com,17,68,0,0,0,15,0,15,0,2024-02-16 06:41:46,2025-05-11 19:06:36
forexbulgaria.bg,17,33,0,1,6,1,0,1,1,2024-04-16 04:15:49,2025-01-13 23:31:30
forexbrokerreport.com,17,156,73,0,0,1,0,1,1,2024-02-08 07:21:46,2024-09-18 05:10:10
kompromat100.info,16,590,354933826,0,0,5,5,2,5,2024-11-16 22:37:58,
9jacashflow.com,16,875,477,1,72,4,4,0,4,2024-12-25 18:24:26,
seoprobox.click,16,1007,0,0,0,2,2,0,0,2025-04-22 16:21:38,
wiredaily.com,16,171,80,4,183,7,7,0,7,2025-01-18 11:10:23,
apkmodbi.best,16,61,4,0,0,4,0,4,0,2024-02-20 13:11:36,2025-05-15 17:36:12
plutustradebase.com,16,65,29,15,103,4,4,2,4,2025-03-06 01:20:56,
bestprop.top,15,43,45,4,3,407,407,368,395,2024-08-30 14:01:36,
bonusgate.org,15,1309,547485,0,0,1,0,1,1,2024-02-07 20:25:42,2025-07-12 23:27:51
fundedmax.com,15,67,0,211,328,1,1,0,0,2025-01-18 12:29:55,
buntya.com,15,559,132,0,1,3,0,2,0,2024-02-11 04:09:20,
apkmodopet.best,15,61,7,0,0,1,0,1,0,2024-02-18 19:37:52,2025-05-08 01:18:30
lovelypetsdogtown-cheats.xyz,15,530,372702,0,0,2,2,0,2,2025-06-20 01:13:49,
broker-forex.eu,15,251,100,68,1271,2106,2106,1,1,2024-09-03 15:28:55,
bestadultdirectory.com,15,44,80,0,0,3,3,2,0,2024-08-27 21:49:11,
propfirm.click,15,107,23,1,8,3,3,0,3,2025-03-21 15:40:45,
soeasytv.com,15,33,109229,2,38,1,1,0,1,2025-05-29 08:22:24,
patriottransport.us,15,33,305,98,27,1,1,0,1,2025-01-18 07:32:32,
zuevwndpl.com,15,44,163,0,0,1,1,0,0,2024-12-11 02:08:33,
moneyideas.co.za,15,10,119,6,40,1,1,0,1,2024-12-01 01:09:23,
proprietaryfirms.com,14,65,36,0,12,19,6,6,0,2024-02-10 05:18:34,
iranrebate.com,14,189,207,1330,902,1,1,0,0,2024-10-09 13:43:09,
linkwebdirectory.com,14,145,58,0,0,3,2,2,0,2024-06-24 08:17:22,
bombahaberler.xyz,14,608,463303,0,0,2,2,1,2,2025-06-14 17:10:30,
tajrobe.wiki,14,152,156,2699,1098,1,1,0,0,2025-04-13 01:20:40,
aitiga.pics,14,2059,2184,0,0,5,0,5,0,2024-02-19 14:40:33,2025-05-27 19:36:23
fundedtrading.com,14,79,381,382,771,57,49,2,27,2024-02-20 18:34:50,
broker-cfd.fr,14,184,20,587,1037,2,2,0,1,2024-09-05 19:01:09,
escworldwide.com,14,66,24728,1,1,1,1,0,1,2024-10-05 11:48:32,
fxtw168.com,14,343,42,2441,1896,1,0,0,0,2024-02-29 12:19:31,
ratingfacts.com,14,135,789,3135,4326,2,2,0,0,2024-11-24 14:09:54,
mialli.pics,13,2091,3862,0,0,14,0,14,0,2024-02-19 08:47:47,2025-05-26 12:32:39
modahaberleri.xyz,13,601,262920,0,0,1,1,0,1,2025-06-24 23:23:26,
wikifx.hk,13,26,4615,0,3,1,1,0,1,2025-04-02 08:08:35,
tulekhaber.xyz,13,595,321304,0,0,2,2,1,2,2025-06-15 21:41:34,
newwavegippsland.com,12,103,17,0,1,1,1,1,1,2024-10-06 14:57:57,2025-01-17 18:31:57
guvenhaber.xyz,12,587,521777,0,0,1,1,0,1,2025-06-16 05:57:11,
offlinecafe.bg,12,322,13698,16,6,2,2,2,2,2024-08-04 02:15:39,2024-09-22 19:33:09
uaekhaleejtimes.com,12,201,6278,0,4,1,0,1,1,2024-02-08 08:40:11,2025-06-06 23:21:06
applyleads.com,12,145,393,0,0,2,2,0,0,2025-04-11 21:54:21,
addurl.pw,12,260,65,0,0,2,1,1,0,2024-02-17 05:35:48,
forexpropfirms.com,12,68,67,66,128,8,0,4,7,2024-02-08 06:05:38,
proptraders.club,12,44,129,7,175,5,1,2,5,2024-02-17 00:23:35,
backlinks.click,12,428,80,0,7,2,1,1,0,2024-05-12 17:55:30,
backlink.asia,12,734,63,0,1,2,1,1,0,2024-04-15 01:33:43,
birdugungunu.com,12,130,226,0,0,22,0,22,0,2024-02-16 18:25:57,2025-07-15 04:42:19
insumosartesgraficas.com,12,736,1308145,33,296,2,2,0,2,2024-08-25 16:52:54,
jacobverghese.info,11,403,201974216,0,0,2,2,1,2,2024-11-15 04:23:19,
couponsfound.com,11,106,6258,0,1,1,1,0,1,2025-04-21 00:06:30,
mersinhaber.xyz,11,557,377664,0,0,1,1,1,1,2025-06-18 21:42:28,2025-06-19 00:27:47
sergechel.info,11,273,376699986,0,0,2,2,1,2,2024-11-24 16:50:06,
robinsood.com,11,70,24,35,186,4,3,3,0,2024-02-12 06:50:52,
apkba.best,11,52,4,0,0,3,0,3,0,2024-02-20 10:41:33,2025-05-29 22:51:58
backlink.work,11,448,76,0,15,4,0,3,0,2024-02-12 13:49:30,
launchfxm.com,11,199,35,3,36,1,1,0,0,2025-01-30 21:47:37,
optoutbydomain.com,11,131,3,0,0,7,0,7,0,2024-02-17 08:15:14,2025-05-15 12:30:33
omenusllc.com,11,32,10,0,0,1,1,0,1,2025-02-07 03:35:00,
apkfi.best,11,55,5,0,0,6,0,6,0,2024-02-18 06:45:06,2025-05-08 19:33:07
finrisen.com,11,76,10,0,7,2,0,0,2,2024-05-08 15:03:10,
tealemoo.com,11,242,53325,7,65,1,1,1,1,2024-07-22 16:45:07,2025-05-21 07:14:01
bigrigindustries.com,11,55,9,0,0,11,0,11,0,2024-02-17 02:04:57,2025-05-09 18:45:51
warazon.com,10,50,77,0,0,1,1,0,0,2025-04-23 01:17:20,
proforex168.com,10,39,110,338,258,1366,1014,557,1366,2024-02-07 20:12:15,
full-expired-domain-lists.us,10,87,161579899,0,0,1,1,0,1,2025-06-13 19:59:16,
yumichan-fx.jp,10,109,79535,4,28,1,1,0,1,2025-02-20 20:38:24,
thecloudherald.com,10,131,67,0,16,1,1,0,0,2025-04-27 03:54:58,
luveck.com,10,513,28199,1108,345,2,2,2,2,2024-11-23 13:34:43,2025-02-24 15:47:57
hittapropfirm.se,10,1,15,0,0,1,1,0,1,2025-05-11 02:38:24,
sunnyside-pbn-domains.club,10,71,191228700,0,0,1,1,0,1,2025-06-27 06:19:28,
backlink.business,10,552,107,0,0,3,0,2,0,2024-02-07 17:50:28,
riscot.co,10,653,983,0,36,1,1,1,1,2024-11-27 11:54:15,2025-02-17 21:20:10
share4all.xyz,10,606,530839,0,2,2,2,2,2,2025-06-14 05:00:23,2025-06-17 09:23:55
timeskuwaitnews.com,10,62,19,0,0,1,0,1,1,2024-02-13 08:23:24,2025-05-08 07:40:43
prolinkseo.com,10,349,5109,0,0,1,1,0,0,2025-03-19 00:48:17,
qatardohanews.com,9,59,12,0,0,1,0,1,1,2024-02-08 00:45:21,2025-05-07 07:35:40
transportindustry.xyz,9,834,610403,0,0,3,3,1,3,2025-06-14 18:53:57,
vzhq.online,9,112,64,0,0,2,1,2,0,2024-03-24 13:33:12,2024-12-20 06:43:42
discussion.co.in,9,582,85,2,157,3,1,2,0,2024-05-29 14:14:56,
fldh.info,9,254,160664551,0,0,3,3,2,3,2024-10-06 20:13:15,
on-tapp.tv,9,74,353,0,0,1,0,1,1,2024-07-17 14:59:31,2024-08-08 15:08:02
income.net.in,9,816,191,0,30,4,0,3,0,2024-02-08 19:12:20,
directorylinkservice.com,9,96,78,0,1,1,1,0,0,2025-04-30 01:57:13,
fundedprogram.com,9,60,91,61,226,14,13,0,14,2024-02-20 04:43:12,
pheasant888.xyz,9,602,434890,0,0,1,1,0,1,2025-06-22 17:35:14,
premierhomeware.co.za,9,596,13,110,752,1,1,1,1,2024-11-19 03:27:27,2024-12-04 20:50:01
nadyk.com,9,233,1289,0,3,12,12,0,12,2025-01-06 20:33:59,
armstrongtire.eu,9,54,15512,39,23,1,1,1,1,2025-01-20 00:23:38,2025-02-12 14:19:31
savetheweb.org,9,77,82,0,0,2,2,0,0,2025-04-08 08:02:52,
allproptradingfirms.com,8,56,183,498,820,5,5,0,5,2024-09-29 03:20:52,
apkmodkire.best,8,57,20,0,0,1,0,1,0,2024-02-18 02:18:42,2025-05-10 01:54:03
5bestproprietarytradingfirms.com,8,88,19,14,257,6,0,5,0,2024-02-18 22:39:38,
stellaropinion.com,8,163,65393,1,56,2,2,0,2,2025-06-11 11:29:52,
rsaf.cz,8,61,13,0,0,2,0,2,2,2024-06-21 18:52:45,2024-10-03 02:51:52
safepropfirms.com,8,51,255,0,0,4,4,0,2,2024-10-08 22:34:42,
myautomatimoney.com,8,64,46,3,132,1,1,0,1,2025-01-18 17:54:22,
tradewithmac.org,8,364,5684,0,26,1,0,0,1,2024-02-12 05:15:35,
30namatak.xyz,8,491,414471,0,0,3,3,0,3,2025-06-25 08:54:58,
hashtsad.com,8,66,14,409,579,1,0,1,0,2024-05-07 02:41:39,2025-05-27 16:52:06
directory4websites.com,8,268,77,0,0,2,2,0,0,2025-04-30 17:32:01,
traders-forex.fr,8,60,12,8,153,2,1,0,0,2024-05-05 00:45:45,
wds-media.com,8,486,2492,3,5,1,0,1,1,2024-02-13 02:21:57,2024-08-26 19:40:58
backpackwithstories.xyz,8,490,599054,0,0,3,3,1,3,2025-06-16 10:54:36,
fxnst.com,8,157,30,0,0,1,1,1,1,2025-01-07 16:30:01,2025-06-29 05:01:59
hebagh.com,8,396,90,0,1,2,1,2,0,2024-02-09 04:31:04,2025-07-12 11:56:40
proptradershub.io,8,3,13,0,1,1,1,0,1,2025-06-21 07:27:19,
fundingcrusher.shop,8,56,0,0,0,2,1,2,2,2024-03-22 09:26:35,2025-04-01 15:08:50
tradingpilot.net,8,41,119,145,126,2,0,0,2,2024-06-13 13:31:18,
americanbiomedicine.com,8,82,136,0,0,2,2,0,2,2025-04-05 21:49:24,
wondomain.com,8,38,66,0,0,1,1,0,0,2024-12-11 07:37:38,
agmermer.pro,8,366,397930806,0,0,4,4,1,4,2025-01-16 07:18:56,
theintrepidcreative.com,8,73,24,0,6,1,1,0,1,2024-09-08 19:41:02,
tomarogroup.com,7,65,1,0,0,21,0,21,0,2024-02-17 05:38:06,2025-05-12 13:44:44
newdirectory.in,7,224,1104,0,25,4,1,2,0,2024-02-12 15:42:41,
jardinmonteverde.cl,7,321,307133,0,31,1,1,1,1,2024-07-25 01:45:13,2025-07-12 07:44:50
alpacacom.com,7,56,1,0,0,28,0,28,0,2024-02-18 01:08:47,2025-05-08 19:32:38
proptradingfirms.net,7,86,30,753,339,83,83,25,14,2024-11-28 05:18:04,
rbtrading.online,7,36,42,0,0,1,1,0,1,2025-02-10 13:31:30,
forexjudge.com,7,51,9,0,0,5,5,4,0,2024-09-30 17:40:47,
eturkey.net,7,205,71,0,1,3,1,2,0,2024-02-27 19:18:07,
indianbusinessdirectory.in,7,263,54,0,105,4,1,3,0,2024-02-10 20:03:42,
topdirectory.in,7,54,69,0,0,2,1,1,0,2024-04-11 05:48:26,
daftaryupitoto.xyz,7,521,506140,0,0,1,1,1,1,2025-06-25 03:57:14,2025-06-25 20:30:15
vnrebates.org,7,82,12,0,0,1,1,1,1,2025-02-07 22:21:27,2025-04-17 06:16:11
livewebsites.net,7,563,66,0,0,2,1,1,0,2024-02-29 20:29:55,
overviewforex.com,7,99,953,0,0,3,0,0,3,2024-02-08 20:02:09,
dcmovie.xyz,7,592,469720,0,0,1,1,0,1,2025-07-02 05:23:10,
nightingale888.xyz,7,596,392317,0,0,1,1,1,1,2025-06-24 08:01:55,2025-06-24 11:39:42
monbustech.com,7,214,7,0,9,1,0,0,0,2024-03-21 16:35:47,
primewebdirectory.com,7,49,5,0,0,2,2,0,0,2025-04-23 16:40:26,
realypay.com,7,61,80,0,0,2,2,0,0,2025-04-07 23:32:23,
touristpoint.in,7,128,47,0,5,4,1,2,0,2024-02-08 21:24:30,
forextelevision.com,7,208,46,0,10,24,0,1,1,2024-04-29 12:49:32,
brokerinsighthub.com,7,60,1,1,211,1,1,1,1,2025-02-26 03:16:33,2025-06-29 04:07:50
muchmore.in,7,806,185,0,1,4,1,3,0,2024-02-11 03:52:09,
propfirmfx.com,7,36,61,74,192,459,459,205,455,2024-08-05 08:12:27,
topsun.best,7,19,0,0,0,2,0,2,0,2024-03-05 23:32:00,2025-05-09 04:37:45
postads.ai,7,199,14,0,1,6,6,4,0,2024-08-29 14:04:30,
aadarsh.in,6,862,144,0,98,3,1,2,0,2024-06-30 00:00:07,
slotauto88.xyz,6,550,543695,0,0,3,3,0,3,2025-06-18 08:31:27,
allout-happy.com,6,40,125,30,178,913,507,897,913,2024-06-12 08:19:31,
zhygg.com,6,425,140,0,0,2,1,1,0,2024-02-17 06:58:55,
whalestrading.fr,6,9,32,180,192,1,1,0,1,2025-02-10 11:00:23,
ibeikell.com,6,119,660,67,5,1,0,1,1,2024-06-21 18:27:35,2024-09-10 10:12:10
shubhangi.co.in,6,351,56,0,1,2,1,1,0,2024-06-06 07:31:54,
ftmoforexfund.com,6,41,8,0,1,7,1,0,7,2024-02-08 12:23:12,
thewebdirectory.net,6,90,59,0,0,4,1,3,0,2024-02-28 18:52:04,
yifanhu.xyz,6,518,542194,0,0,1,1,1,1,2025-06-15 20:58:59,2025-06-16 01:57:58
urstanner.com,6,50,37530,5,8,2,2,0,2,2025-05-25 17:02:01,
fullclassical.com,6,45,78,0,0,2,2,0,0,2025-05-07 19:23:34,
hansika.co.in,6,833,142,0,2,3,0,2,0,2024-02-08 04:44:49,
kalymnoscopio-estate.gr,6,85,64,31,31,1,1,1,1,2024-07-22 10:34:26,2024-09-14 05:39:20
nielykajjakpelikan.pl,6,89,6839,0,1,1,0,1,1,2024-06-23 09:21:59,2025-06-05 05:20:00
ketaki.co.in,6,760,111,10,56,4,0,3,0,2024-02-08 12:35:51,
topsy.best,6,16,0,0,0,2,0,2,0,2024-02-24 03:36:41,2025-05-07 15:09:32
backlinksources.com,6,252,15,0,2,4,1,3,0,2024-02-08 08:16:20,
marathiinfo.archi,6,40,62,0,0,2,2,1,0,2024-10-04 22:42:33,
million.pro,6,600,73,0,0,2,1,1,0,2024-05-01 20:30:41,
msmklawfirm.com,6,255,325162,0,0,1,1,1,1,2024-10-27 19:21:08,2025-04-25 16:59:43
toptraders.fund,6,1,16,0,12,1,1,0,0,2025-04-11 10:57:16,
goottu.pics,6,15,25,0,0,26,0,26,0,2024-02-20 18:45:27,2025-05-13 01:59:02
semanarioregionaldenoticias.com,6,67,78,0,2,3,3,0,3,2025-05-23 15:45:51,
kajol.pw,6,319,159,0,0,4,2,2,0,2024-06-08 22:30:49,
july.co.in,6,802,127,0,0,4,1,3,0,2024-02-08 07:00:04,
mundotecnologia.info,6,227,177346166,0,0,1,1,0,1,2025-03-20 20:46:11,
lucci.jp,6,81,201,0,0,1,0,1,1,2024-07-11 04:30:50,2024-11-25 02:12:04
4everbaseball.com,6,57,473,0,0,4,4,0,0,2025-04-26 18:58:56,
anjana.co.in,6,837,167,28,119,4,0,3,0,2024-02-10 09:02:01,
sitescrawl.com,6,716,91,0,0,2,0,1,0,2024-02-07 22:20:29,
pay-tube.com,6,36,0,0,0,2,2,0,0,2025-06-07 05:26:09,
prop-connect.com,6,53,106,1,9,4,0,0,4,2024-02-10 07:38:19,
hebagh.farm,6,11,58,0,0,2,2,1,0,2024-10-04 22:32:51,
hfpewxgk.xyz,6,856,576932,0,0,1,1,0,1,2025-07-05 03:39:06,
uhuxkwxx.xyz,6,862,523273,0,0,1,1,1,1,2025-06-15 10:42:25,2025-06-15 15:02:05
mandakini.co.in,6,797,155,1,125,4,0,3,0,2024-02-08 14:27:04,
allreviews.in,6,770,324,0,27,2,0,1,0,2024-02-08 03:56:17,
oubsport.xyz,5,518,323555,0,0,1,1,1,1,2025-06-17 02:49:49,2025-06-17 12:43:10
aboutdirectory.com,5,38,77,0,0,2,2,0,0,2025-04-09 12:03:50,
businessvocal.com,5,68,12,0,0,1,1,1,0,2025-03-11 12:04:08,2025-04-17 06:37:55
indiancompaniesdirectory.com,5,48,64,0,0,2,2,1,0,2024-09-02 14:22:03,
cashbackdeals.in,5,534,166,0,0,4,1,3,0,2024-02-07 19:11:21,
sushila.co.in,5,970,423,17,154,4,1,3,0,2024-02-08 14:40:21,
fx-hakase.com,5,134,34,0,16,1,1,0,1,2025-03-18 18:04:52,
domainsandsites.com,5,36,71,0,2,3,2,2,0,2024-07-11 06:22:57,
janhit.in,5,492,339,0,123,3,1,2,0,2024-02-08 15:37:16,
allindiapackerandmover.com,5,46,61,0,0,2,2,0,0,2024-10-06 00:51:12,
packersandmoversbook.com,5,45,63,0,0,2,2,1,0,2024-08-14 20:08:18,
hindudirectory.com,5,38,64,0,0,1,1,0,0,2024-08-19 19:18:39,
businessemaildirectory.com,5,34,24,0,0,1,1,1,0,2024-08-25 09:20:23,2025-04-12 09:06:43
bestweddingdirectory.com,5,24,65,0,0,3,3,2,0,2024-08-31 07:24:19,
webworthchecker.kitchen,5,3,63,0,0,2,2,1,0,2024-10-20 03:32:53,
broker-cfd.eu,5,44,21,565,854,2,2,0,1,2024-09-05 18:52:27,
foxtuning.com,5,42,80,0,0,2,2,0,0,2025-04-07 22:21:46,
lagnalu.com,5,29,84,0,0,2,2,0,0,2025-04-06 20:28:11,
smarthumanblogger.com,5,89,103,12,677,1,1,0,1,2024-09-30 21:33:01,
wikifxzh.com,5,109,13,0,0,17,0,17,0,2024-06-22 18:16:17,2024-11-14 19:24:20
yourwebdirectory.com,5,50,78,0,0,2,2,0,0,2025-05-22 04:27:12,
lifesblog.com,5,43,69,0,0,2,2,1,0,2025-02-03 07:37:18,
subsites.net,5,35,78,0,1,2,2,0,0,2025-04-15 12:26:32,
way2advertise.financial,5,3,52,0,0,1,1,0,0,2025-04-11 14:42:02,
innovatingtechnology.com,5,34,78,0,0,2,2,0,0,2025-04-11 21:26:59,
onemilliondomains.com,5,34,62,0,0,1,1,0,0,2025-02-12 22:50:14,
popcornbusiness.com,5,39,78,0,0,2,2,0,0,2025-04-18 03:36:42,
campingtours.in,5,2,61,0,0,2,2,0,0,2025-04-12 23:54:01,
allbestdomains.online,5,39,6,0,0,2,2,1,0,2025-04-15 00:08:31,
websitesocean.com,5,32,78,0,0,2,2,0,0,2025-04-15 23:06:20,
newdirectory.org,5,37,77,0,0,1,1,0,0,2025-05-09 19:01:51,
freeglobaldirectory.com,5,20,79,0,0,2,2,0,0,2025-05-11 00:07:53,
passiontrading.fr,5,32,55,11,19,106,106,1,106,2024-08-12 16:44:10,
pratibha.pw,5,299,166,0,0,1,1,0,0,2024-10-31 17:03:01,
cricketlive.co.in,5,524,106,5,85,3,0,2,0,2024-02-15 09:14:04,
sekali.xyz,5,591,394217,0,0,1,1,0,1,2025-06-15 10:22:49,
onemanarmy.in,5,504,346,0,33,4,0,3,0,2024-02-08 11:38:10,
chaffinch888.xyz,5,585,553856,0,0,2,2,0,2,2025-06-17 01:53:01,
worldpressplatform.com,5,46,43,0,18,4,4,0,0,2025-06-12 17:52:36,
agepym.com.sv,4.9,189,951851,0,14,1,1,0,1,2025-03-02 13:04:38,
addurl.pro,4.9,513,80,0,0,4,0,3,0,2024-02-12 11:23:08,
conredes.org,4.9,162,6980,0,8,1,1,0,1,2025-01-28 01:35:19,
nigerianwiki.xyz,4.8,2184,472607,0,0,1,1,1,1,2025-06-17 00:13:58,2025-06-17 07:14:07
traders-forex.com,4.8,58,11,18,106,2,1,0,0,2024-05-04 03:38:36,
dentaliano.com,4.8,201,2694,0,31,8,8,0,8,2024-11-23 07:42:59,
csdglaw.com,4.7,99,4105,0,0,3,3,3,3,2024-08-12 09:05:44,2025-05-27 17:41:37
wsg-radenthein.at,4.7,55,37271,64,158,1,1,0,1,2024-10-18 04:07:54,
rek-zukunft.de,4.6,69,62688,0,4,1,1,0,1,2025-01-19 01:11:42,
fxeyefx.com,4.6,40,9315,0,0,1,0,0,1,2024-02-29 23:27:33,
veylola.xyz,4.6,509,553656,0,0,1,1,1,1,2025-06-14 23:15:09,2025-06-15 09:10:03
couponlava.com,4.6,77,2162,120,764,4,4,0,4,2024-10-09 14:48:10,
linkscrawl.com,4.5,444,58,0,2,4,1,3,0,2024-02-12 03:04:46,
propfirm-ea.com,4.5,152,17,44,10,1,1,0,1,2024-12-12 17:04:35,
packages.pw,4.5,683,61,0,0,3,0,2,0,2024-03-15 04:26:41,
dosugnu.xyz,4.4,688,544736,0,0,1,1,1,1,2025-06-20 15:00:26,2025-06-20 17:14:28
chidetube.xyz,4.4,888,410598,0,0,1,1,0,1,2025-07-08 13:21:45,
ramzarzyar.com,4.4,69,195,96,393,1,1,0,0,2025-02-19 02:03:51,
mr8-asia.xyz,4.4,554,354108,0,0,1,1,1,1,2025-06-23 19:49:28,2025-06-23 21:42:58
backlinks.directory,4.4,557,90,0,0,3,0,2,0,2024-02-08 10:58:26,
websitesimilar.com,4.2,285,4,0,0,10,9,10,0,2024-03-24 12:39:04,2025-05-31 14:05:35
berkolphoto.ca,4.2,37,0,0,0,1,0,1,1,2024-06-20 17:48:31,2024-09-18 14:58:06
00123.com,4.2,73,406,0,26,2,0,0,0,2024-02-14 18:27:25,
propfirmace.com,4.1,208,28,0,4,1,1,0,1,2024-12-09 23:23:45,
slapshady.com,4.1,146,3349,1,72,1,1,0,0,2025-07-06 15:31:01,
surgefunded.com,4,237,10,1339,793,72,72,30,2,2024-08-01 09:45:13,
iqbalcyberlibrary.com,4,44,11,0,0,10,0,10,0,2024-02-16 14:59:40,2025-05-17 04:50:02
hocvientrader.com,4,231,137,1225,423,29,23,12,29,2024-02-14 17:22:27,
alexfirdaus.com,4,28,60,0,45,3,3,0,3,2025-01-25 19:17:36,
topdirectory.co.in,3.9,256,70,0,89,2,1,1,0,2024-02-10 10:59:32,
gurupromodeal.com,3.9,31,38,0,3,12,12,1,7,2025-04-11 07:17:40,
backlink.solutions,3.9,336,68,0,0,3,1,2,0,2024-02-18 03:21:41,
italnoleggi.com,3.7,107,7,2,63,1,1,1,1,2024-08-05 16:13:27,2024-09-08 18:36:24
kcporktrs.dp.ua,3.6,253,12841,0,1,8,8,7,8,2024-10-04 17:43:46,
thefinancepost.com,3.5,85,40,0,3,2,2,0,2,2024-12-30 23:45:16,
intradaysoft.com,3.5,30,19,6,16,1,0,1,1,2024-05-18 20:13:43,2025-06-04 09:39:42
reviewking.xyz,3.4,679,566149,0,0,2,2,2,2,2025-06-20 18:19:17,2025-06-23 04:26:58
jiwn.com.tw,3.4,93,2,46,9,1,0,1,1,2024-06-28 17:00:05,2025-01-17 01:49:01
pineindicators.com,3.3,38,646,7,68,1,1,0,1,2025-02-26 02:55:46,
buyforexeaonline.com,3.3,240,70,0,18,5,2,0,5,2024-02-08 01:58:10,
allaboutseo.net,3.2,168,78,0,0,2,2,0,0,2025-04-06 01:32:19,
fxcommunity.jp,3.1,111,387,0,0,4,4,0,0,2025-05-31 21:24:18,
vitiligoweb.xyz,3.1,555,527657,0,0,1,1,0,1,2025-06-13 13:54:08,
alorrasta.xyz,3,519,461095,0,0,2,2,2,2,2025-06-27 03:04:46,2025-06-27 16:02:19
djrimonbabu.xyz,3,517,530681,0,0,2,2,1,2,2025-06-23 11:19:13,
fight4justice.com,3,79,39400,18,39,1,1,0,1,2025-04-01 04:30:52,
val.forex,3,10,9,0,0,8,8,8,8,2024-11-27 21:29:12,2024-12-30 09:52:11
bakbak.in,3,239,66,0,1,4,0,3,0,2024-02-11 22:46:47,
mazuripartnerzy.pl,3,82,44689,0,0,1,0,0,1,2024-06-14 07:59:17,
topmyword.com,3,20,52,0,4,4,0,0,4,2024-02-09 08:12:18,
tradingbuddysystem.com,2.9,38,21,0,1,10,6,5,10,2024-04-30 00:41:53,
11reviews.com,2.9,152,33,56,171,3,0,0,3,2024-06-07 02:07:59,
what-happens-next.xyz,2.9,98,188840630,0,0,1,1,0,1,2025-06-11 02:52:42,
datingseiten24.xyz,2.9,609,623176,0,0,2,2,1,2,2025-06-15 02:35:58,
yps520.xyz,2.8,732,529389,0,0,1,1,0,1,2025-07-07 22:59:09,
fxparkey.com,2.8,46,194,89,1234,41,38,11,16,2024-06-22 02:00:07,
brokertime.ir,2.8,1,116,6,71,1,1,0,1,2025-02-16 06:34:38,
beoforex.com,2.7,165,26,25,486,4,2,2,0,2024-03-22 11:19:47,
123allan.live,2.7,38,47,0,0,1,1,0,0,2025-07-17 11:19:27,
alpana.co.in,2.7,228,63,0,8,2,1,1,0,2024-05-27 20:39:51,
promopropfirm.com,2.7,1,18,0,1,1,1,0,1,2025-05-31 02:05:40,
radiomusicsongs.xyz,2.7,537,347009,0,0,1,1,0,1,2025-06-24 14:27:37,
propfirmroom.com,2.6,1,31,0,0,3,3,1,3,2025-05-25 05:25:29,
dongducheonkranma.xyz,2.6,554,394979,0,0,3,3,1,3,2025-06-14 05:13:34,
backlink.co.in,2.6,131,80,6,176,4,0,3,0,2024-02-15 10:26:23,
fundyourtrade.com,2.5,50,62,0,81,2,2,0,2,2025-01-24 14:34:46,
deguru.co.za,2.5,2,42,7,59,1,1,0,1,2025-03-16 16:01:57,
summary.co.in,2.5,119,72,0,30,4,1,3,0,2024-02-08 09:44:27,
festival-zlasky.cz,2.5,5,0,4,6,1,1,0,0,2025-04-06 14:42:31,
leventsennaroglu.com.tr,2.5,147,67509,173,135,1,1,1,1,2024-11-16 23:59:04,2025-01-01 20:23:36
fxeyema.com,2.4,39,11304,0,2,17,17,0,16,2024-10-02 16:24:02,
wardha.online,2.4,43,7,0,0,1,0,1,0,2024-06-05 05:35:14,2025-02-06 14:59:00
ict2007.com,2.4,101,66491,0,72,2,2,0,2,2025-04-18 17:32:23,
pratibha.online,2.4,55,39,0,0,1,0,1,0,2024-04-21 19:06:23,2025-07-01 23:26:21
daytradingsignalsgroup.com,2.4,39,16,0,1,1,0,1,1,2024-06-12 09:56:45,2025-02-04 03:34:27
sharehubtech.com,2.3,51,1510,645,910,4,4,0,0,2024-07-23 20:17:19,
great-choice-for-pbn-domains.co.uk,2.3,112,142986483,0,0,1,1,0,1,2025-04-03 03:08:03,
touristpoints.in,2.3,210,71,0,36,2,1,1,0,2024-05-19 22:33:01,
techpark.org,2.3,46,55,0,0,1,1,0,0,2025-04-08 20:53:50,
pipmunch.com,2.3,17,83,0,1,2,2,1,2,2024-10-12 17:49:17,
cbfx.io,2.2,32,585,0,0,28,28,1,0,2025-03-30 19:19:00,
jetectech.com,2.2,86,68034,0,2,2,0,0,2,2024-06-25 18:52:22,
3sentidos.pt,2.2,35,36169,3,9,1,1,0,1,2024-08-12 07:09:45,
buldhana.online,2.2,38,4,0,0,1,0,1,0,2024-07-14 08:30:46,2025-05-30 00:59:36
proptradingpros.com,2.1,33,44,5,121,11,11,0,1,2024-09-05 20:16:01,
gadchiroli.online,2.1,39,6,0,0,1,0,1,0,2024-04-02 19:30:51,2025-07-21 14:42:10
publicdirectory.in,2.1,174,70,0,14,4,1,3,0,2024-02-09 09:59:47,
relaxation-tanagocoro.com,2.1,85,34504,0,0,1,1,0,1,2024-10-01 05:24:58,
ratnagiri.top,2.1,47,8,0,0,1,0,1,0,2024-04-09 09:50:35,2025-01-08 10:59:53
aurangabad.online,2.1,59,0,0,0,1,0,1,0,2024-04-02 19:22:11,2025-07-10 18:14:49
hingoli.online,2.1,30,0,0,0,1,0,1,0,2024-05-10 01:45:45,2025-07-09 12:19:39
chandrapur.online,2.1,42,5,0,0,2,1,2,0,2024-05-09 17:58:55,2025-06-10 23:53:14
tradequy.com,2.1,46,74,0,5,8,8,2,8,2024-09-25 23:19:12,
washim.top,2.1,32,1,0,0,1,0,1,0,2024-05-03 18:09:34,2025-01-04 11:29:55
ahmednagar.top,2.1,42,3,0,0,1,0,1,0,2024-04-05 22:30:35,2025-01-16 00:20:01
sindhudurg.online,2.1,27,33,0,0,2,1,2,0,2024-04-07 23:31:49,2025-01-11 08:17:42
solapur.top,2.1,36,4,0,0,2,1,2,0,2024-04-18 07:31:32,2025-01-15 22:13:18
genuinewebdirectory.com,2.1,90,115,0,0,7,4,5,0,2024-03-15 18:35:00,
jalna.top,2.1,32,12,0,0,1,0,1,0,2024-05-07 06:13:50,2025-01-16 06:24:57
jsn.kz,2.1,46,69170,19,11,1,1,0,1,2025-01-02 06:42:38,
digitalwebmaster.xyz,2,364,583716,0,0,1,1,0,1,2025-06-26 08:58:52,
globallinkdirectory.com,2,52,75,0,19,2,1,1,0,2024-06-06 17:52:53,
syarifsoden.xyz,2,533,405754,0,0,1,1,1,1,2025-06-19 17:29:04,2025-06-19 21:01:16
washim.site,2,52,26,0,0,2,2,2,0,2024-08-18 16:17:11,2025-04-14 22:33:38
samssmoker.com,2,52,9,0,0,2,0,2,0,2024-07-18 21:31:09,2024-08-08 18:58:39
wetradewebsites.com,1.9,54,113,0,0,2,1,2,0,2024-06-10 09:36:24,2025-07-17 22:52:03
alpana.top,1.9,43,3,0,0,2,0,2,0,2024-04-10 01:08:17,2025-02-03 21:29:39
fxtop50.com,1.9,56,16,44,194,1,0,0,0,2024-02-29 23:47:33,
categoryhierarchies.com,1.9,44,7015,0,0,2,2,2,2,2024-08-31 10:33:19,2025-03-30 19:19:05
fxeyevip.com,1.9,39,9080,0,1,17,17,0,16,2025-03-01 11:29:24,
คลินิกจัดฟันแบริ่ง.com,1.8,70,30813,0,2,1,1,0,1,2024-08-10 22:51:01,
newsphonereview.xyz,1.8,500,463111,0,0,2,2,1,2,2025-06-14 19:15:07,
smartwebdirectory.com,1.8,36,101,0,0,1,0,1,0,2024-03-25 16:40:09,2025-05-15 05:14:02
amravati.top,1.8,50,4,0,0,1,0,1,0,2024-04-12 14:39:58,2025-07-14 21:06:09
exampledirectory.com,1.8,43,79,0,0,2,2,0,0,2025-04-16 17:01:34,
propfirmx.com,1.7,30,57,0,0,5,5,3,5,2025-01-20 01:08:39,
rentingdirectory.com,1.7,41,99,0,0,2,2,1,0,2024-08-28 08:08:23,
seobacklinks.agency,1.7,462,0,0,0,1,1,0,0,2025-06-06 00:23:05,
forexbrainbox.com,1.7,44,54,0,36,1,0,0,1,2024-02-17 13:08:44,
freeworlddirectory.com,1.7,53,71,0,0,2,2,1,0,2024-08-24 14:19:47,
aurangabad.top,1.7,37,27,0,0,1,0,1,0,2024-04-10 16:03:42,2025-01-07 13:54:10
parbhani.top,1.7,30,21,0,0,2,1,2,0,2024-04-12 13:46:06,2025-01-15 15:23:56
dharashiv.top,1.7,43,3,0,0,1,0,1,0,2024-04-09 23:30:19,2025-03-21 21:28:43
smartwebdirectory.top,1.7,42,4,0,0,1,0,1,0,2024-05-13 07:24:54,2025-01-23 13:31:56
kolhapur.top,1.7,30,5,0,0,1,0,1,0,2024-04-12 09:41:53,2025-02-26 03:19:55
nandurbar.top,1.7,34,0,0,0,1,0,1,0,2024-04-05 15:59:10,2025-01-12 08:44:57
shubhangi.top,1.7,28,3,0,0,1,0,1,0,2024-04-15 01:35:20,2025-03-26 11:58:44
hingoli.top,1.7,42,7,0,0,1,0,1,0,2024-04-15 15:40:40,2025-01-21 05:28:14
palghar.top,1.7,41,3,0,0,1,0,1,0,2024-04-15 12:26:48,2025-03-20 12:20:29
buldhana.top,1.7,35,3,0,0,1,0,1,0,2024-04-07 01:02:07,2025-01-25 17:21:02
gadchiroli.top,1.7,30,3,0,0,1,0,1,0,2024-04-12 07:57:29,2025-01-14 23:39:01
bhandara.top,1.7,29,3,0,0,1,0,1,0,2024-04-11 08:11:39,2025-01-10 08:15:02
akola.top,1.7,25,4,0,0,1,0,1,0,2024-04-10 18:01:44,2025-01-04 10:24:49
chandrapur.top,1.7,25,0,0,0,1,0,1,0,2024-04-16 12:36:05,2025-01-04 21:19:33
genuinewebdirectory.top,1.7,24,6,0,0,1,0,1,0,2024-04-11 13:28:40,2025-01-14 13:04:55
pratibha.top,1.7,35,22,0,0,1,0,1,0,2024-04-25 13:27:31,2025-01-12 00:04:47
linksdirectory.in,1.7,34,57,0,42,3,2,1,0,2024-02-12 14:56:25,
agedkranma.xyz,1.7,532,578870,0,0,2,2,1,2,2025-06-14 16:41:01,
propfirmservices.com,1.7,165,3,0,5,4,4,3,4,2024-09-20 18:23:45,
wikifa.xyz,1.7,520,562547,0,0,3,3,3,3,2025-06-17 02:35:07,2025-06-18 07:46:12
easydirectory.in,1.6,50,77,0,0,2,1,1,0,2024-03-13 22:02:25,
autoproptrader.com,1.6,36,0,0,0,1,1,1,1,2024-09-26 12:18:14,2025-06-29 13:55:38
fund3n.com,1.6,36,0,0,0,1,0,1,1,2024-02-19 23:00:38,2025-03-13 22:10:29
funded-trading.com.br,1.6,21,1,31,61,3,3,2,2,2024-08-27 05:45:29,
somewhere.sk,1.6,39,78046,2,61,1,1,0,1,2025-01-23 05:45:44,
namyangjukranma.xyz,1.5,532,493356,0,2,1,1,1,1,2025-06-21 18:53:23,2025-06-21 20:44:28
trading-strategies.fr,1.5,36,1,0,9,2,2,1,0,2025-01-27 04:04:24,
namwonkranma.xyz,1.5,524,426843,0,0,1,1,0,1,2025-06-13 23:36:47,
nikusystec.com,1.5,88,225,0,0,1,1,1,1,2024-09-16 03:00:49,2025-03-06 13:25:40
fundedtrader.info,1.5,72,22,0,4,8,0,0,4,2024-02-09 14:41:45,
fuzoku-douga.xyz,1.4,523,519461,0,0,1,1,1,1,2025-06-24 18:15:00,2025-06-24 20:47:05
crocodile888.xyz,1.4,601,535861,0,0,1,1,1,1,2025-06-16 20:35:24,2025-06-17 04:44:46
propchoice.com,1.4,42,63,0,0,4,0,4,4,2024-02-09 23:11:51,2025-03-31 21:24:34
goesankranma.xyz,1.4,643,477894,0,1,1,1,0,1,2025-07-06 18:48:06,
trillionairesclvb.com,1.4,36,12,0,0,1,1,0,1,2025-04-19 06:04:12,
powiekszaniepiersi24pl.xyz,1.4,522,442426,0,0,2,2,1,2,2025-06-14 14:18:13,
indianwebsites.in,1.3,190,48,36,56,3,1,2,0,2024-02-19 08:48:44,
whichfunded.io,1.3,8,71,36,196,58,17,38,58,2024-02-28 19:51:25,
cricketinfo.co.in,1.3,189,82,2,86,4,1,3,0,2024-02-13 14:25:02,
webdesignerdirectory.in,1.3,186,65,0,0,2,1,1,0,2024-02-26 01:40:11,
aikaow.xyz,1.3,523,599533,0,0,2,2,1,2,2025-06-18 01:46:41,
propfirmsinsights.com,1.3,87,0,13,137,90,32,2,2,2024-02-22 14:56:50,
tradingpropfirm.com,1.3,34,29,0,10,1,1,0,1,2025-07-02 05:33:33,
gunsankranma.xyz,1.2,632,199111,0,1,1,1,0,1,2025-06-14 21:24:09,
topfinancialchoices.com,1.2,1,39,0,8,2,2,0,1,2025-02-27 16:43:10,
plazu.xyz,1.2,517,446846,0,0,2,2,1,2,2025-06-13 07:34:08,
sinvest.io,1.2,2,291,187,534,900,313,1,900,2024-05-09 11:57:33,
rateimprovement.com,1.2,85,34980,0,0,1,0,0,1,2024-06-24 11:35:46,
kinorec.xyz,1.2,518,445230,0,0,1,1,1,1,2025-06-17 04:36:25,2025-06-17 13:35:17
lemon-juice.xyz,1.2,520,525238,0,0,1,1,0,1,2025-06-22 16:31:37,
foodbus.in,1.2,197,71,6,65,4,1,3,0,2024-02-09 02:17:54,
tradingfundsreviews.com,1.2,37,29,4,18,1,0,0,1,2024-05-20 15:04:11,
ibfx.info,1.2,34,39,0,0,1,1,0,1,2024-10-30 20:26:29,
guardbufercleaner.xyz,1.2,514,342821,0,0,1,1,0,1,2025-06-15 23:06:10,
ckc-e.xyz,1.2,483,375100,0,0,1,1,1,1,2025-06-14 09:47:27,2025-06-14 12:19:12
allthingspolished.com,1.2,56,55806,1,85,1,1,0,1,2025-04-25 16:11:32,
gigaspan.xyz,1.2,519,143740,0,0,1,1,1,1,2025-06-20 17:41:19,2025-06-20 21:04:23
vertexforexfunds.com,1.1,21,6,0,0,1,1,0,0,2025-03-14 09:28:08,
flipbean.xyz,1.1,514,584538,0,0,6,6,3,6,2025-06-16 12:08:51,
couponpropfirm.com,1.1,1,7,0,1,1,1,0,1,2025-06-03 06:22:07,
arabicwebdirectory.com,1.1,47,81,0,0,4,4,3,0,2024-08-21 01:36:05,
propfirmmasters.com,1.1,65,0,0,0,1,0,1,1,2024-02-10 21:34:23,2024-09-14 11:06:19
advertiseyourdomain.com,1.1,46,64,0,0,2,1,1,0,2024-06-07 00:55:50,
717tv.xyz,1.1,511,589257,0,0,3,3,2,3,2025-06-15 23:10:32,
tuyenquangshop.xyz,1.1,528,618082,0,0,2,2,2,2,2025-06-15 18:31:35,2025-06-20 09:17:37
domainsdirectory.org,1,68,67,0,0,2,2,1,0,2024-08-21 10:03:10,
faucetred.xyz,1,525,369422,0,0,1,1,0,1,2025-06-18 03:29:35,
scoss.xyz,1,517,417274,0,0,1,1,0,1,2025-07-06 09:14:50,
shayari4you.xyz,1,581,424829,0,0,1,1,0,1,2025-07-04 12:17:51,
klmysh.xyz,1,490,458674,0,0,1,1,0,1,2025-07-02 05:12:18,
hrylbfun.xyz,1,436,328276,0,0,1,1,1,1,2025-07-02 23:46:13,2025-07-16 20:38:01
proptierlist.com,1,40,0,0,0,1,0,1,1,2024-02-12 17:26:48,2025-01-05 20:30:54
jamesastrong.com,1,49,20,0,33,1,0,0,1,2024-02-21 18:32:42,
jmbt.xyz,1,528,313295,0,0,1,1,1,1,2025-06-28 00:28:44,2025-06-28 03:41:12
storedirectory.in,1,172,5,0,0,4,2,4,0,2024-02-13 09:54:04,2025-06-10 16:48:20
filmzcomplet.xyz,0.9,527,471972,0,0,1,1,1,1,2025-06-24 15:00:30,2025-06-24 18:09:21
lidafilm.xyz,0.9,497,488468,0,0,2,2,1,2,2025-06-16 22:26:40,
hsmfpmds.xyz,0.9,444,275728,0,0,1,1,0,1,2025-06-20 09:49:15,
propfirmrobot.com,0.9,27,10,0,0,3,1,2,3,2024-02-09 17:13:16,
funded-trading.in,0.9,33,3,11,127,3,3,2,0,2024-08-27 13:53:00,
fxdqkyci.xyz,0.9,441,396737,0,0,1,1,0,1,2025-06-27 04:14:00,
rbii.lt,0.9,42,35762,7,35,1,1,0,1,2024-09-08 17:53:32,
addlinkwebsite.com,0.9,103,78,0,0,1,1,0,0,2024-12-02 01:19:22,
psmxjlwt.xyz,0.9,441,196035,0,0,1,1,0,1,2025-07-01 23:23:08,
seodirectories.xyz,0.9,568,548381,0,0,2,2,0,2,2025-06-13 19:55:26,
fxproptech.com,0.9,37,112,12,102,32,32,0,32,2024-12-21 03:24:09,
tpmkkeuf.xyz,0.9,429,456929,0,0,1,1,0,1,2025-07-06 13:50:36,
fppeidur.xyz,0.8,446,242311,0,0,1,1,1,1,2025-06-19 15:55:56,2025-06-19 22:29:59
rgwnrldn.xyz,0.8,432,177172,0,0,1,1,1,1,2025-06-25 02:14:18,2025-06-25 06:39:20
kuyish.xyz,0.8,486,343884,0,0,2,2,1,2,2025-06-13 18:02:36,
malixbyf.xyz,0.8,431,120206,0,0,1,1,1,1,2025-06-22 21:46:46,2025-06-22 23:47:47
tradeconnectvvs.com,0.8,55,31,3060,299,4,0,0,4,2024-02-08 09:35:33,
ciudadrealfsf.xyz,0.8,586,366463,0,0,1,1,1,1,2025-06-27 10:56:00,2025-06-27 13:45:31
tomak.xyz,0.8,502,516919,0,0,1,1,0,1,2025-06-26 08:59:08,
azuruppu.xyz,0.8,437,270354,0,0,1,1,1,1,2025-06-27 11:33:03,2025-06-27 15:46:25
lis36.xyz,0.8,487,440405,0,0,1,1,1,1,2025-06-15 14:14:04,2025-06-16 00:08:59
zzemoxsh.xyz,0.8,440,464588,0,0,1,1,0,1,2025-06-26 23:56:04,
gcylove.xyz,0.8,485,480438,0,0,1,1,1,1,2025-06-27 06:56:57,2025-06-27 09:21:13
pszkrbek.xyz,0.8,438,204528,0,0,1,1,0,1,2025-06-24 21:15:28,
wjzpykbz.xyz,0.8,429,335936,0,0,1,1,0,1,2025-07-06 19:33:30,
fininvests.com,0.8,39,32,0,24,8,0,6,8,2024-02-12 07:56:56,
immediate-connect.xyz,0.8,487,527492,0,0,1,1,0,1,2025-07-06 04:21:57,
mtifmjqr.xyz,0.8,435,31904,0,0,1,1,0,1,2025-06-27 09:32:59,
eazyvvyj.xyz,0.8,439,412870,0,0,1,1,1,1,2025-06-24 19:38:19,2025-07-13 15:51:39
wangchenyi.xyz,0.8,487,393474,0,0,1,1,0,1,2025-06-14 22:59:53,
freemarathi.com,0.8,42,65,0,0,3,3,2,0,2024-08-29 06:05:29,
topta.best,0.8,11,3,0,0,2,0,2,0,2024-02-23 07:31:36,2025-05-07 14:35:16
robomarket.io,0.8,44,6,0,3,1,0,1,1,2024-02-25 22:40:57,2024-12-19 19:24:29
fundinfirms.com,0.7,50,18,1,21,9,9,0,9,2024-09-24 18:27:20,
propfirmmarkets.com,0.7,36,16,0,7,41,41,30,41,2024-11-27 02:46:31,
iauakowq.xyz,0.7,434,398224,0,0,1,1,1,1,2025-06-27 06:28:12,2025-07-09 00:08:17
nhaotrading.com,0.7,28,5,13,51,2,2,2,0,2024-08-17 20:32:37,2025-07-01 06:25:53
listmydomain.com,0.7,61,83,0,0,2,2,1,0,2024-08-07 08:27:11,
yavatmal.online,0.7,42,0,0,0,1,0,1,0,2024-04-15 10:13:36,2025-01-20 15:33:51
blogdir.net,0.7,94,48,0,0,3,3,2,0,2024-08-18 13:51:33,
my-elegance.de,0.7,40,48483,1,22,1,1,0,1,2025-05-18 13:40:26,
allenvest.com,0.7,36,535,851,689,1,0,0,1,2024-06-09 10:31:16,
bitreview.io,0.7,41,4,0,0,1,0,1,1,2024-02-14 10:03:05,2025-05-22 19:17:17
ifoqazns.xyz,0.7,432,361674,0,0,1,1,1,1,2025-07-01 05:41:42,2025-07-10 22:43:06
sinkkitchens.com,0.6,52,644,0,2,3,3,0,3,2024-08-29 06:55:36,
addondirectory.com,0.6,45,79,0,0,3,3,2,0,2024-08-15 21:03:24,
domainnamesbook.com,0.6,45,75,0,0,2,2,1,0,2024-08-18 12:37:04,
forexcouponcodes.com,0.6,38,31,0,2,1,0,0,1,2024-02-11 11:15:22,
australianwebdirectory.shop,0.6,23,251624587,0,0,1,1,0,1,2025-07-09 17:58:39,
forexdisountcodes.com,0.6,39,30,0,1,2,0,0,2,2024-02-08 03:39:47,
businesslinksdirectory.com,0.6,40,77,0,0,2,2,0,0,2025-04-12 14:38:46,
dianatonnessen.com,0.6,85,4,0,0,2,0,2,2,2024-06-13 09:14:55,2024-08-19 08:07:10
estafa-forex.com,0.6,42,568,3,53,1,0,0,1,2024-06-28 21:03:07,
cursuriaz.ro,0.6,13,244,0,1,1,0,1,1,2024-05-14 20:39:13,2024-09-10 21:03:58
propfirms.co.uk,0.6,34,30,19,25,3,0,0,3,2024-03-08 12:12:19,
e8-fundedtrading.in,0.6,42,1,53,8,3,3,3,2,2024-08-27 07:24:17,2025-02-07 05:46:49
verifiedcodes.in,0.6,3,24,76,19,1,1,0,0,2025-01-01 03:16:43,
thepropfirmpass.com,0.6,57,10,4,13,8,0,0,8,2024-02-08 16:14:40,
washim.online,0.6,37,5,0,0,2,0,2,0,2024-04-05 21:09:24,2025-02-02 08:35:19
funded-trading.es,0.5,27,3,222,132,3,3,2,0,2024-08-29 10:30:37,
showdirectory.in,0.5,13,71,0,0,3,1,2,0,2024-02-10 08:43:53,
achievedomains.com,0.5,39,72,0,0,1,1,0,0,2025-06-23 17:12:54,
exacttraderfunding.com,0.5,37,11,0,0,1,1,0,1,2024-11-10 00:58:44,
proprietarynews.com,0.5,36,17,0,2,3,3,1,3,2024-10-22 23:11:29,
myforexreport.com,0.5,57,15,474,295,13,1,6,5,2024-02-07 22:09:08,
z1capital.money,0.5,1,42,0,0,2111,2111,13,2111,2024-08-26 08:37:15,
fundedtrading.id,0.5,4,205,685,257,3,2,0,3,2024-02-08 21:14:57,
fxeyecn.com,0.5,53,12130,0,0,17,17,0,16,2024-11-19 00:31:28,
cryptojourneyblog.com,0.5,57,66,0,1,1,0,0,1,2024-02-18 08:38:09,
quyfx.com,0.5,43,0,0,0,2,0,2,2,2024-02-11 09:49:54,2025-05-09 00:07:41
hypealpha.com,0.4,38,37,0,1,1,1,0,1,2024-12-13 08:48:30,
onlinelinkdirectory.com,0.4,48,0,0,0,1,1,1,0,2024-08-26 21:31:06,2025-01-23 19:33:47
domainnameshub.com,0.4,67,65,0,0,2,2,1,0,2024-08-26 13:36:36,
couponterra.com,0.4,36,2119,611,1239,9,9,6,9,2025-01-06 08:35:57,
webmasterdiary.online,0.4,44,11,0,0,1,1,1,0,2024-08-16 03:37:20,2024-11-07 00:25:50
proptradingvibes.com,0.4,2,21,0,5,19,19,16,19,2025-03-27 12:22:53,
propviper.com,0.4,5,18,0,27,15,15,6,15,2025-04-04 16:57:17,
ever-heard-of-homepage-backlinks.bond,0.4,87,96703410,0,0,1,1,0,1,2025-06-03 14:13:54,
dhule.top,0.4,28,4,0,0,1,0,1,0,2024-05-12 04:55:59,2025-01-12 03:11:19
yavatmal.top,0.4,33,13,0,0,1,0,1,0,2024-04-15 11:33:50,2025-01-21 04:41:13
nanded.top,0.4,31,4,0,0,2,0,2,0,2024-04-05 12:57:30,2025-07-15 20:26:20
pages.college,0.4,21,10,0,0,3,3,3,0,2024-08-09 02:19:08,2025-06-21 21:02:19
propfirmclash.com,0.4,27,18,0,2,3,3,0,3,2024-09-21 11:03:45,
warthtank.xyz,0.3,321,497308,0,0,1,1,1,1,2025-06-17 11:47:28,2025-06-17 18:02:32
tankupwar.xyz,0.3,320,487959,0,0,3,3,1,3,2025-06-14 03:13:36,
generationpropfirms.com,0.3,31,49,4,17,1,0,0,1,2024-06-30 07:58:07,
ranktankwar.xyz,0.3,326,394709,0,0,1,1,0,1,2025-06-20 21:29:59,
chartnomads.com,0.3,43,304,0,15,16,16,4,16,2025-01-28 10:43:33,
toyotadagupan.org,0.3,30,57,1,53,1,0,1,0,2024-02-13 02:39:47,2025-04-14 17:42:02
esecfutures.com,0.3,51,21,0,13,3,0,1,1,2024-02-12 00:58:45,
textrades.com,0.3,35,55,0,10,1,1,0,1,2024-09-07 05:50:21,
moneybanca.com,0.3,42,214,0,34,4,0,3,4,2024-03-21 11:42:47,
everythingonline.in,0.3,5,78,0,0,2,2,0,0,2025-04-21 00:03:18,
all.ind.in,0.3,3,77,0,0,2,2,0,0,2025-04-07 07:30:53,
abdominalconnections.com,0.3,146,54225,41,255,1,1,0,1,2025-01-21 02:39:10,
packersandmoversdirectory.com,0.3,54,66,0,0,3,3,1,0,2024-08-17 21:33:37,
sexygirlsphotos.net,0.3,33,7,0,1,1,1,1,0,2024-08-29 00:09:55,2025-04-18 00:27:41
investfinance.pro,0.3,1,56,0,2,3,3,2,0,2025-01-01 01:09:44,
onlineproptrading.com,0.3,66,56,67,555,4,0,0,4,2024-02-08 15:40:22,
fundedchallengepass.net,0.3,46,4,3,1,4,0,0,4,2024-05-23 22:43:12,
fundfa.com,0.3,35,107,10,61,52,52,38,51,2024-12-13 15:12:56,
beaprotrader.com,0.2,40,41,0,0,153,3,153,153,2024-02-08 07:20:56,2025-07-18 11:34:12
amravati.pw,0.2,184,101,0,0,1,0,1,0,2024-03-13 19:17:30,2024-09-30 20:40:38
discount-code.store,0.2,32,28,0,2,1,1,0,1,2024-10-01 10:29:51,
ushopwell.com,0.2,41,3862,0,0,1,1,0,1,2024-12-22 21:19:33,
chandrapur.pw,0.2,96,101,0,0,1,0,1,0,2024-03-13 15:47:04,2025-05-07 20:57:29
wealtham.org,0.2,31,28,81,165,1,1,0,0,2024-09-01 16:31:52,
futures-forex.com,0.2,29,86,0,1,2,0,0,2,2024-02-13 10:55:58,
phinin.com,0.2,37,68,0,0,3,3,2,0,2024-08-17 12:47:29,
domainsquiz.com,0.2,36,51,0,0,2,2,1,0,2024-08-24 14:37:31,
sitelinkdirectory.com,0.2,50,79,0,0,2,2,0,0,2025-04-08 16:47:24,
dont-tell-anyone.click,0.2,59,74207191,0,0,2,2,0,2,2025-07-09 16:48:45,
nashik.site,0.2,31,16,0,0,1,1,1,0,2024-10-14 21:55:24,2025-03-27 20:29:15
reno-shop.kz,0.1,34,4155,27,178,1,1,1,1,2024-11-30 07:04:46,2025-03-19 21:32:18
fundedsim.com,0.1,1,2,0,0,1,1,0,0,2025-07-01 10:30:27,
allindiamovers.com,0.1,41,35,0,0,2,2,1,0,2024-08-16 23:05:16,
buldhana.site,0.1,36,38,0,0,1,1,1,0,2024-08-26 18:24:58,2025-04-06 02:13:24
propfirmlounge.com,0.1,104,4,0,0,1,0,1,1,2024-02-11 00:36:16,2025-05-31 22:05:33
brokerjudge.com,0.1,93,127,1,308,1,1,0,1,2024-10-18 09:28:38,
kolhapur.site,0.1,27,38,0,0,2,2,2,0,2024-08-08 06:26:28,2025-03-25 20:48:17
hingoli.site,0.1,31,0,0,0,1,1,1,0,2024-09-30 17:51:59,2025-03-16 09:20:19
ratnagiri.site,0.1,49,9,0,0,1,1,1,0,2024-08-26 12:51:28,2025-03-26 23:39:08
pratibha.site,0.1,39,6,0,0,1,1,1,0,2024-08-15 23:03:17,2025-03-25 14:34:38
hindiadvisor.com,0.1,23,144,0,0,1,1,1,0,2024-08-08 13:46:53,2025-03-25 16:08:50
latur.site,0.1,28,17,0,0,1,1,1,0,2024-10-15 11:00:41,2025-03-14 07:51:36
websiteprotools.com,0.1,30,3,0,0,2,2,2,0,2024-08-19 15:21:13,2025-04-25 00:03:27
websitecompetition.com,0.1,31,2,0,0,1,1,1,0,2024-10-18 20:12:50,2025-04-05 22:06:27
dirtyknowledge.com,0.1,22,1,0,0,1,1,1,0,2024-10-19 22:49:52,2025-04-30 02:09:23
jalgaon.site,0.1,38,18,0,0,1,1,1,0,2024-08-16 20:11:51,2024-11-05 22:10:05
gondia.site,0.1,35,16,0,0,1,1,1,0,2024-08-25 03:16:59,2024-11-11 17:37:05
dharashiv.site,0.1,31,22,0,0,2,2,2,0,2024-08-25 02:04:43,2025-04-10 08:42:31
yavatmal.site,0.1,34,21,0,0,1,1,1,0,2024-08-08 01:37:30,2025-04-01 04:37:43
cerealcarts.xyz,0.1,326,321924,0,0,1,1,1,1,2025-06-21 10:44:29,2025-06-21 14:59:09
propfirmscompare.com,0.1,29,18,0,0,6,6,4,6,2025-05-10 21:07:05,
funded-trading.fr,0.1,22,4,60,156,3,3,2,0,2024-08-29 23:16:16,
braid.in,0.1,2,79,0,0,2,2,0,0,2025-04-13 09:30:20,
directorylinkup.com,0.1,52,80,0,0,2,2,0,0,2025-04-06 15:22:26,
robofx-pro.com,0.1,38,90,7,35,4,1,0,4,2024-02-12 15:09:24,
traderfinanziato.it,0.1,1,22,28,42,14,14,7,1,2024-09-16 15:31:23,
goldplaybook.com,0.1,38,486,0,4,1,1,0,1,2025-04-09 12:54:40,
nexttravel.in,0.1,4,44,3,290,2,1,1,0,2024-05-27 20:14:06,
holidayrep.online,0.1,33,92,0,0,1,1,1,0,2024-09-30 18:07:07,2024-11-10 05:38:37
funded-trading.de,0.1,17,3,45,95,3,3,2,1,2024-08-28 01:29:14,
india-gov-links.com,0.1,57,175081280,0,0,1,1,0,1,2025-07-17 01:17:01,
ostrichprop.com,0.1,25,49,0,0,2,2,0,2,2025-06-01 06:22:37,
daytradinginsights.com,0.1,32,14,321,367,3,3,1,0,2024-08-04 03:18:53,
paragonelitetrading.com,0.1,27,41,7,7,4,2,0,4,2024-03-16 13:14:35,
fxeyevps.com,0.1,38,5095,0,0,1,1,0,1,2024-12-24 17:04:05,
wladislav.com,0,40,0,0,0,1,1,1,1,2024-10-02 21:24:22,2024-11-27 00:54:30
passftmofast.com,0,32,86,0,10,5,5,1,5,2025-04-10 19:39:36,
firmtrust.jp,0,1,14,15,62,1,1,0,1,2025-01-23 10:42:13,
fx-1688.com,0,32,8535,0,5,1,1,0,1,2025-06-03 04:56:24,
wikifxka.com,0,35,6736,0,0,12,10,0,11,2024-07-18 06:54:26,
tradingaddict.eu,0,6,0,5,26,2,2,0,2,2025-01-18 09:04:26,
iraniexpert.com,0,30,40,123,101,1,1,1,1,2024-12-23 19:56:06,2025-03-14 05:56:07
bestmillion.net,0,31,23,0,0,1,1,0,0,2025-02-09 10:16:51,
invest358.com,0,217,32,45,211,4,4,0,1,2025-06-30 23:31:44,
academiadedaytrading.com,0,33,48,6,89,2,0,0,0,2024-04-14 18:42:13,
indianwebsolution.com,0,43,62,0,0,2,2,1,0,2024-08-07 04:05:35,
dhule.site,0,36,56,0,0,1,1,0,0,2024-08-06 11:54:53,
kudantourage.com,0,26,11,0,0,1,1,0,1,2025-07-02 08:56:08,
fxprop.com,0,29,96,177,247,15,3,7,15,2024-03-03 08:26:46,
information.net.in,0,4,78,0,0,1,1,0,0,2025-04-14 23:34:35,
seourldirectory.com,0,34,3,0,0,2,2,1,0,2025-04-10 05:42:51,
news24marathi.com,0,26,58,0,0,2,2,0,0,2025-04-08 09:27:02,
restsuite.com,0,32,77,0,0,2,2,0,0,2025-04-08 04:28:46,
searchalldomains.com,0,38,57,0,0,1,1,0,0,2024-11-17 22:48:06,
generalknowledge.net.in,0,1,49,0,0,1,1,0,0,2025-06-02 21:41:22,
topglobalbusinesses.com,0,20,76,0,0,1,1,0,0,2025-05-20 02:08:38,
x.nom.co,0,22,79,0,0,2,2,0,0,2025-04-15 20:36:55,
australianwebdirectory.club,0,24,79,0,0,2,2,0,0,2025-05-23 19:53:17,
listrecord.com,0,36,78,0,0,1,1,0,0,2025-04-10 13:28:14,
works.asia,0,1,80,0,0,2,2,0,0,2025-04-23 03:16:24,
litesoftware.com,0,36,78,0,0,2,2,0,0,2025-04-09 07:00:22,
mohini.top,0,26,4,0,0,1,0,1,0,2024-04-14 19:22:05,2025-02-01 03:34:56
kilocourse.net,0,38,42,0,0,1,1,0,1,2024-09-23 11:10:45,
thetradetrail.com,0,37,9,0,15,2,2,1,2,2024-11-16 07:15:17,
couponwhole.com,0,39,2037,0,13,2,2,0,2,2025-04-15 14:40:42,
dealxcoupon.com,0,37,30,0,0,3,3,0,1,2025-01-05 13:53:18,
linkus.in,0,10,78,0,0,2,2,0,0,2025-04-09 13:45:46,
buycheapcollegeessaysonline.xyz,0,309,361956,0,0,1,1,0,1,2025-06-23 16:50:00,
adviser-fin.com,0,49,0,0,0,4,4,4,4,2025-04-05 17:35:19,2025-04-12 02:56:06
thwtbnbc.xyz,0,296,569772,0,0,1,1,0,1,2025-06-13 14:12:45,
cvkygeth.xyz,0,313,497026,0,0,1,1,1,1,2025-06-27 22:19:01,2025-06-28 02:01:14
bpygykin.xyz,0,314,391060,0,0,1,1,0,1,2025-06-14 22:15:42,
bdbmcgyg.xyz,0,303,488461,0,0,1,1,0,1,2025-06-16 15:01:07,
ipjubhag.xyz,0,309,402625,0,0,1,1,0,1,2025-07-02 07:12:58,
mtqllxxd.xyz,0,302,306735,0,0,2,2,1,2,2025-06-15 10:45:03,
tzlmnnvu.xyz,0,309,580039,0,0,2,2,1,2,2025-06-19 20:00:09,
ixbawygc.xyz,0,308,553740,0,0,3,3,1,3,2025-06-13 15:30:15,
dtvlsrbl.xyz,0,309,497133,0,0,1,1,0,1,2025-07-01 11:34:22,
uzedirfr.xyz,0,311,417509,0,0,1,1,0,1,2025-06-21 02:31:18,
scionybg.xyz,0,303,333599,0,0,2,2,0,2,2025-06-14 15:41:14,
gmchausa.xyz,0,301,438822,0,0,1,1,0,1,2025-07-02 05:35:41,
zvmksrsz.xyz,0,310,359060,0,0,1,1,0,1,2025-06-18 04:40:00,
egjqkvry.xyz,0,311,530415,0,0,1,1,0,1,2025-07-06 12:24:19,
kpbcgzzk.xyz,0,304,397773,0,0,1,1,0,1,2025-07-06 22:12:45,
ikgtgwko.xyz,0,311,532311,0,0,1,1,0,1,2025-06-16 02:21:12,
ujsbpuny.xyz,0,313,485991,0,0,1,1,0,1,2025-07-01 06:12:05,
tyzgmzdx.xyz,0,306,501972,0,0,1,1,0,1,2025-07-08 07:17:56,
omrbsvkq.xyz,0,307,369023,0,0,1,1,0,1,2025-06-16 03:39:01,
apibfblg.xyz,0,310,509126,0,0,2,2,1,2,2025-06-19 05:39:27,
lfkveoai.xyz,0,305,302447,0,0,1,1,1,1,2025-06-17 13:51:12,2025-06-18 01:34:22
nfbxzwsz.xyz,0,310,347782,0,0,4,4,4,4,2025-06-14 15:25:01,2025-06-17 03:49:23
blsvmurt.xyz,0,308,571994,0,0,2,2,0,2,2025-06-23 00:21:10,
dzdwdtpl.xyz,0,306,372113,0,0,2,2,2,2,2025-06-16 02:22:21,2025-06-19 06:48:24
cygyvfbv.xyz,0,311,576386,0,0,2,2,1,2,2025-06-21 09:43:02,
fmsqxutj.xyz,0,307,389970,0,0,2,2,0,2,2025-07-04 08:09:11,
ekatzvkl.xyz,0,304,555321,0,0,2,2,1,2,2025-06-20 10:35:23,
vftryafx.xyz,0,294,393406,0,0,1,1,0,1,2025-06-13 18:17:54,
agkjaxjp.xyz,0,314,517190,0,0,1,1,1,1,2025-06-20 15:38:59,2025-06-20 19:45:34
cvwpfwsi.xyz,0,313,304420,0,0,1,1,1,1,2025-06-14 18:31:54,2025-06-14 23:44:24
vfoskvzw.xyz,0,302,544304,0,0,1,1,1,1,2025-07-08 12:47:07,2025-07-09 07:01:16
odinodjd.xyz,0,303,407412,0,0,1,1,1,1,2025-06-21 03:22:25,2025-06-21 08:36:30
xrtzwtfy.xyz,0,303,470770,0,0,1,1,0,1,2025-06-21 06:37:35,
aaslahjy.xyz,0,307,380050,0,0,1,1,0,1,2025-06-16 03:18:58,
nzeasgmd.xyz,0,315,446604,0,0,3,3,1,3,2025-06-24 07:42:58,
qnfzgnhr.xyz,0,301,385391,0,0,1,1,0,1,2025-06-17 21:15:14,
mtcrlwub.xyz,0,311,346157,0,0,1,1,0,1,2025-06-25 19:17:46,
vcibldbz.xyz,0,305,393658,0,0,1,1,0,1,2025-06-13 10:06:20,
grugnjff.xyz,0,302,334548,0,0,1,1,0,1,2025-06-14 12:08:22,
jeweskql.xyz,0,309,348351,0,0,1,1,0,1,2025-06-17 12:18:31,
vhcjzqze.xyz,0,310,572082,0,0,1,1,0,1,2025-06-16 05:26:26,
jtuahihf.xyz,0,297,341568,0,0,1,1,0,1,2025-06-13 19:10:27,
kpiqkvgr.xyz,0,300,545280,0,0,1,1,1,1,2025-06-24 21:45:26,2025-06-25 00:22:19
xosrveox.xyz,0,310,524610,0,0,1,1,0,1,2025-06-18 19:01:07,
qfynwqky.xyz,0,303,371171,0,0,1,1,1,1,2025-06-23 01:49:27,2025-06-23 05:32:10
ifftynrr.xyz,0,309,532190,0,0,1,1,0,1,2025-07-01 09:36:15,
lwqwnugd.xyz,0,304,328021,0,0,2,2,1,2,2025-06-13 12:46:38,
cwsusvze.xyz,0,313,412458,0,0,2,2,0,2,2025-06-13 16:20:01,
cxmetwne.xyz,0,309,354341,0,0,3,3,0,3,2025-06-13 21:46:39,
pcywnbry.xyz,0,297,363953,0,0,3,3,2,3,2025-06-13 21:43:25,
ditywanp.xyz,0,296,631531,0,0,2,2,0,2,2025-06-14 08:50:22,
fnmsotfh.xyz,0,305,571879,0,0,2,2,0,2,2025-06-14 12:40:37,
klmquclu.xyz,0,310,495925,0,0,1,1,0,1,2025-06-23 03:06:38,
skicyppj.xyz,0,312,339106,0,0,1,1,0,1,2025-06-14 00:26:13,
kbgkeiip.xyz,0,300,474538,0,0,1,1,1,1,2025-06-20 09:37:31,2025-06-20 12:30:00
tgkuzffb.xyz,0,303,473652,0,0,2,2,1,2,2025-06-15 19:11:35,
zdvenpnv.xyz,0,315,509607,0,0,1,1,1,1,2025-06-16 16:30:39,2025-06-17 04:01:29
wvsnmxnx.xyz,0,305,342048,0,0,1,1,0,1,2025-06-13 08:07:04,
bcurmrqg.xyz,0,319,387224,0,0,4,4,4,4,2025-06-14 14:49:14,2025-06-22 16:35:06
ajjfzbti.xyz,0,311,386514,0,0,1,1,0,1,2025-06-15 15:30:46,
gmquubnj.xyz,0,306,555504,0,0,1,1,0,1,2025-06-24 03:22:54,
orgarasj.xyz,0,307,329110,0,0,1,1,1,1,2025-06-24 06:29:44,2025-06-24 11:51:27
eajrddds.xyz,0,309,359273,0,0,1,1,0,1,2025-06-16 04:42:47,
nttsqvuu.xyz,0,315,454249,0,0,2,2,1,2,2025-06-17 20:45:55,
zxsfwbxq.xyz,0,305,483956,0,0,2,2,1,2,2025-06-15 02:30:26,
zqwtvtvw.xyz,0,308,514156,0,0,2,2,1,2,2025-06-18 16:11:37,
rohzdvhv.xyz,0,304,300315,0,0,1,1,0,1,2025-06-16 01:11:07,
tzpfqpin.xyz,0,309,552645,0,0,2,2,2,2,2025-06-20 09:08:00,2025-06-23 17:00:35
wqkpbuhb.xyz,0,302,342189,0,0,1,1,0,1,2025-06-13 09:25:15,
rmvfkyxo.xyz,0,309,347200,0,0,1,1,0,1,2025-06-16 01:42:06,
yotrpkpr.xyz,0,312,516118,0,0,1,1,0,1,2025-07-03 03:33:07,
tczqepty.xyz,0,307,523781,0,0,2,2,0,2,2025-06-14 13:52:25,
eralqxji.xyz,0,306,525008,0,0,1,1,1,1,2025-06-23 05:52:58,2025-06-23 07:49:27
fokjxzfw.xyz,0,298,414847,0,0,2,2,2,2,2025-06-15 07:47:59,2025-06-15 15:32:48
xvofwjhw.xyz,0,306,357280,0,0,1,1,1,1,2025-06-14 19:18:30,2025-06-15 05:47:02
toujbdcv.xyz,0,308,558858,0,0,1,1,0,1,2025-06-14 17:52:35,
proptradeinsider.com,0,31,0,0,0,1,0,1,1,2024-02-07 22:07:47,2024-08-17 17:59:03
onlinepropfirm.com,0,43,46,290,59,3,1,0,3,2024-02-24 03:15:33,
nadeyk.com,0,25,550,0,0,3,3,0,3,2025-04-22 02:41:45,
handpickedcoupons.com,0,23,38,0,0,1,1,0,1,2024-12-20 20:22:41,
zapztrading.com,0,40,14,0,0,1,1,0,1,2025-02-25 16:55:30,
tradergates.com,0,36,0,0,0,23,1,23,11,2024-02-09 03:31:08,2025-02-19 10:00:21
coupona2z.com,0,35,2041,0,0,2,2,0,2,2025-04-15 21:14:26,
websitesreports.com,0,38,77,0,2,1,1,0,0,2025-04-11 23:01:49,
agapeone.org,0,18,628,0,0,1,1,1,1,2025-04-11 21:40:34,2025-06-04 00:25:59
e8market.com,0,58,0,0,0,1,1,0,1,2025-05-10 20:21:58,
livebacklinks.com,0,34,62,0,2,1,1,0,0,2025-02-24 11:16:28,
sindhudurg.top,0,24,10,0,0,1,0,1,0,2024-05-01 06:53:29,2025-01-13 10:57:03
upgradedreviews.co,0,15,158,0,0,10,10,0,1,2025-03-10 07:44:29,
prop-trader.com,0,40,13,0,2,5,0,5,0,2024-02-08 20:55:11,2024-08-02 15:39:38
mejorempresafondeo.com,0,32,30,1,95,8,0,0,8,2024-02-09 06:59:16,
raigad.top,0,32,3,0,0,2,1,2,0,2024-04-08 15:16:59,2025-01-15 15:50:57
dollarclosing.com,0,78,509,0,1,3,3,2,3,2025-04-28 20:05:33,
propfirmshub.com,0,28,36,6,57,6,3,0,6,2024-04-16 19:22:58,
flora-ceramics.com,0,34,75227,2,132,1,1,0,1,2025-05-28 11:37:37,
sweepstakefreebie.com,0,41,142,0,0,3,0,0,3,2024-02-11 22:53:31,
ganardineroenguatemala.com,0,35,35,0,22,1,0,0,1,2024-02-20 15:18:06,
proptradeclub.com,0,32,14,0,7,2,0,2,2,2024-02-21 23:58:12,2025-04-30 09:39:32
forexpropfirmreviews.com,0,38,1,0,0,1,0,1,1,2024-05-10 21:46:18,2024-11-06 15:03:56
in.homes,0,1,78,0,0,2,2,0,0,2025-04-10 18:34:06,
movemarkets.io,0,4,0,0,1,122,0,122,120,2024-05-07 15:41:54,2024-09-07 16:58:11
tipdeal.nl,0,1,3,7117,7649,2,2,2,0,2024-12-17 23:59:06,2025-03-29 00:19:26
propfirmlivesignals.com,0,26,59,1185,232,2,2,0,1,2025-02-05 21:02:01,
propfirmsource.com,0,26,93,348,139,117,116,58,117,2024-07-07 23:22:00,
e8marketspartners.com,0,0,0,142,7,1,1,0,1,2025-02-14 16:44:21,
thegodfunded.com,0,34,32,34,56,89,88,70,89,2024-04-06 09:48:04,
bridge.markets,0,0,0,18,6,1,1,0,1,2024-12-24 14:53:35,
dayfunded.com,0,32,65,10,343,1,1,0,1,2025-01-05 17:19:48,
toppropoffers.com,0,0,0,10,102,9,9,6,2,2025-01-18 10:36:10,
proparison.com,0,19,25,7,55,6,5,0,6,2024-07-03 05:57:09,
mrinvestor.ir,0,0,0,2,6,9,9,4,9,2025-02-28 15:22:56,
limitless-capital.co.uk,0,0,0,2,4,1,1,0,1,2025-01-10 19:58:55,
abzartrading.com,0,28,105,2,19,1,0,0,1,2024-02-13 11:57:10,
globalcocolk.com,0,26,198,2,23,1,1,0,0,2025-07-17 00:13:08,
propfirmstats.com,0,26,7,1,1,2,2,1,2,2024-12-17 07:04:53,
propfirmsguide.com,0,0,0,1,48,8,8,0,8,2025-02-10 05:03:10,
propranking.com,0,34,0,1,40,6,3,0,0,2024-07-05 03:33:09,
fxzilla.click,0,0,0,0,0,1,1,0,1,2025-07-21 20:52:12,
myforexbuddy.com,0,36,1,0,0,2,0,2,2,2024-02-11 03:15:00,2025-07-17 13:51:25
daytrade101.com,0,31,53,0,7,3,3,0,3,2024-11-23 04:41:40,
hftfunding.io,0,0,0,0,2,1,1,0,1,2024-08-12 12:00:02,
tradefundreview.com,0,38,13,0,0,18,5,15,1,2024-07-02 12:05:14,
fcpfirm.com,0,25,10,0,0,2,2,1,2,2024-08-23 14:43:24,
forexratinghub.com,0,33,65,0,0,1,1,1,0,2024-11-30 05:58:19,2024-12-04 22:11:37
myproppicks.com,0,0,0,0,1,29,29,1,2,2025-01-20 17:41:06,
propfirmadvisors.com,0,0,0,0,1,3,3,0,3,2024-12-18 15:20:17,
propfirmview.com,0,26,19,0,18,40,10,0,7,2024-02-27 22:43:59,
bestfundedfirms.com,0,34,0,0,0,49,0,49,0,2024-04-12 17:35:41,2024-11-21 23:37:17
alwaysinprofit.it,0,0,0,0,1,1,1,0,1,2024-10-04 16:50:42,
propfirmbuy.com,0,0,0,0,0,1,1,1,1,2025-05-09 13:44:02,2025-05-24 16:16:47
gwofzone.com,0,30,46,0,18,27,27,0,27,2025-01-18 08:34:19,
pva799.com,0,36,40,0,0,2,2,0,2,2025-01-25 07:11:06,
blackmagic-trading.com,0,0,0,0,0,1,1,1,1,2025-02-12 19:56:41,2025-03-13 03:59:35
propfirmsdaily.com,0,0,0,0,0,2,2,0,2,2025-01-05 17:04:49,
befunded.io,0,37,0,0,0,12,7,12,12,2024-03-12 00:50:44,2025-02-02 10:53:14
protradestoday.com,0,0,0,0,0,5,0,5,5,2024-03-10 22:24:03,2025-05-09 21:59:26
propfirmstudio.com,0,0,0,0,2,17,17,15,17,2024-12-18 11:27:23,
trade-gtp.com,0,31,0,0,0,9,9,9,9,2025-01-17 05:17:15,2025-05-22 15:17:05
latur.top,0,24,4,0,0,1,0,1,0,2024-04-08 16:30:58,2025-02-03 17:36:40
onepropfirms.com,0,34,154,0,1,1,0,0,1,2024-02-13 15:08:18,
brokerexpertreviews.com,0,27,124,0,0,2,2,0,2,2024-10-12 00:36:56,
forexpropreviewer.com,0,35,30,0,0,3,0,0,3,2024-06-18 01:17:06,
fundedfirms.com,0,31,0,0,0,1,0,1,1,2024-05-03 19:17:43,2024-09-03 11:48:49
proptrue.xyz,0,0,0,0,0,3,3,0,3,2025-02-20 22:12:59,
lyonsdentrading.com,0,35,0,0,0,2,0,2,2,2024-03-02 10:31:25,2025-05-07 12:59:39
modestmoneytips.com,0,33,0,0,5,27,27,27,27,2025-03-06 21:04:24,2025-05-18 20:12:14
proptradingindustry.com,0,25,9,0,0,1,1,0,1,2025-07-03 22:27:55,
fundedpropass.com,0,0,0,0,0,2,2,0,2,2025-05-07 03:35:47,
tradingforecast.icu,0,0,0,0,0,1,1,0,1,2025-04-26 23:25:02,
shirefin.com,0,26,0,0,0,1,0,1,1,2024-04-15 21:20:26,2024-09-28 03:36:44
passprochallenge.com,0,18,0,0,0,1,0,1,1,2024-02-21 21:07:04,2025-02-22 11:02:00
thepropfirmsreviews.com,0,34,14,0,0,24,19,10,24,2024-07-01 08:55:38,
proppass.net,0,31,0,0,0,9,0,9,1,2024-04-25 00:11:48,2025-05-13 11:48:24
enextmarket.com,0,28,41,0,0,2,2,0,2,2025-05-29 17:18:48,
propfirmtrader.eu,0,0,0,0,5,1,1,0,1,2025-07-01 19:28:37,
testedpropfirms.com,0,0,0,0,1,2,2,0,2,2025-06-07 05:41:34,
topbrokersratings.com,0,29,77,0,0,1,0,1,1,2024-02-23 15:48:14,2025-06-29 21:43:57
propgateinsights.com,0,0,0,0,4,12,12,0,0,2025-02-07 17:28:59,
fxbroker.blog,0,31,0,0,0,1,0,1,1,2024-02-10 03:12:05,2024-10-06 11:49:07
cashbackprop.com,0,28,10,0,0,1,1,0,1,2025-01-01 12:28:22,
propsfundedmasters.com,0,26,8,0,0,9,2,2,9,2024-02-08 09:56:50,
propfirmshq.com,0,0,0,0,0,2,2,0,0,2025-07-21 07:53:00,
propdynamiq.com,0,0,0,0,0,3,3,0,3,2025-07-18 09:19:28,
hoangsellbuy.com,0,0,0,0,8,20,20,2,20,2025-04-30 08:48:35,
takeprofitandrun.com,0,0,0,0,0,5,5,3,5,2025-01-18 15:53:20,
29trading.com,0,31,57,0,24,2,0,0,2,2024-05-28 00:00:41,
domainbutton.com,0,0,0,0,0,2,2,0,0,2025-04-08 10:09:24,
proppolice.com,0,32,14,0,0,1,0,1,1,2024-05-19 22:43:18,2025-05-24 17:19:51
ftmofundedhub.com,0,40,7,0,0,11,3,1,11,2024-05-24 23:21:34,
fundedscore.com,0,0,0,0,0,3,3,3,3,2025-07-03 23:00:28,2025-07-21 03:25:33
ftmofundedtraders1.com,0,40,13,0,0,13,8,0,13,2024-02-09 19:34:49,
propfundingprograms.com,0,26,74,0,0,2,1,0,2,2024-07-06 19:52:22,
propfundedbillionaires.com,0,26,9,0,0,9,3,0,9,2024-03-04 00:38:43,
odeinsightreview.com,0,0,0,0,0,2,2,0,2,2025-01-26 11:50:45,
propfirmbook.com,0,0,0,0,33,8,8,4,8,2025-03-19 19:21:14,
verifiedpropfirms.com,0,0,0,0,0,3,3,0,2,2025-04-23 21:29:49,
jctfunded.com,0,0,0,0,0,3,0,3,3,2024-05-17 22:46:13,2024-08-24 15:32:52
propfirmspro.com,0,0,0,0,0,4,4,0,2,2025-04-19 13:14:10,
forexpropfirmchooser.com,0,36,49,0,0,5,5,0,5,2024-09-28 07:21:42,
bishopfx.org,0,32,13,0,0,1,1,0,1,2025-03-13 19:02:44,
allbeginner.com,0,28,9,0,0,2,1,2,2,2024-07-05 13:25:24,2024-11-06 01:07:31
joinprop.com,0,17,24,0,3,62,62,32,1,2025-06-19 09:54:05,
site-ref-rankup-2.ovh,0,0,0,0,1,3,3,3,3,2025-01-27 06:58:24,2025-04-18 15:16:14
thetradinghub.net,0,0,0,0,1,7,0,7,0,2024-02-19 17:20:11,2025-06-06 19:41:12
aitodays.net,0,41,2,0,0,159,159,0,0,2024-11-30 05:59:06,
sathidar.dance,0,0,0,0,0,1,1,0,0,2025-05-10 01:02:30,
propfirmchoice.com,0,26,0,0,0,1,0,1,1,2024-02-14 02:34:43,2025-01-05 13:00:43
automatedtradingstudio.com,0,40,14,0,0,4,4,0,4,2024-10-24 22:59:15,
lastestdeal.com,0,30,3402,0,0,15,15,12,15,2024-07-30 10:13:14,
iqtrader.forex,0,0,0,0,1,1,1,0,1,2025-05-17 05:15:28,
myalgoassistant.com,0,0,0,0,0,1,1,0,1,2025-03-20 14:09:26,
propfirmcode.info,0,0,0,0,0,1,1,0,1,2025-03-18 14:06:48,
vibaogroup.com,0,35,17,0,4,1,0,0,1,2024-02-22 18:55:15,
conference.delhi.in,0,0,0,0,0,1,1,0,1,2025-06-03 09:21:37,
allpropfundedking.com,0,0,0,0,1,7,1,0,7,2024-02-29 17:29:07,
ppgwdh.com,0,0,0,0,2,1,1,0,1,2025-01-05 01:16:37,
propchallengemaster.com,0,31,0,0,0,3,0,3,3,2024-02-21 12:50:31,2025-05-10 04:58:30
futurespropfirm.trading,0,0,0,0,0,1,1,1,1,2025-01-20 09:05:40,2025-04-24 03:17:43
best-propfirm.com,0,38,0,0,0,1,0,1,1,2024-03-21 01:56:23,2025-06-06 03:03:14
forexproptop.com,0,0,0,0,1,6,6,0,6,2025-01-14 21:24:57,
propnews.io,0,0,0,0,0,1,1,0,1,2025-06-13 01:47:56,
bestpropfirmreviews.com,0,35,0,0,0,1,1,1,1,2025-01-07 19:42:57,2025-02-03 13:08:37
traderneeds.com,0,35,64,0,2,1,1,0,1,2025-07-02 12:45:54,
forexcritique.com,0,35,0,0,0,2,0,2,2,2024-02-10 10:55:29,2025-02-20 14:09:00
thefinancepromo.com,0,36,15,0,0,3,3,0,2,2024-11-08 16:56:46,
propfirmchannel.com,0,26,65,0,17,7,7,2,7,2024-11-26 10:21:47,
tradematchpro.com,0,0,0,0,0,15,15,5,15,2025-06-19 10:54:30,
moontalks.it,0,0,0,0,0,1,1,0,1,2025-04-30 15:14:12,
jctmarkets.com,0,0,0,0,0,3,3,3,3,2025-02-16 04:55:10,2025-03-30 21:12:22
best-backlink-provider.com.in,0,0,0,0,0,1,1,0,1,2025-05-12 05:40:11,
ballsytrader.com,0,0,0,0,0,1,1,0,1,2025-06-22 08:50:03,
propfirmexperts.com,0,26,47,0,0,1,1,0,1,2024-12-12 19:46:06,
forextradingjournals.com,0,39,44,0,0,24,18,1,0,2024-06-21 14:06:45,
vancoupons.com,0,32,340,0,0,103,103,99,102,2024-08-23 14:45:47,
esprit-trader.com,0,36,22,0,0,1,1,0,1,2025-06-10 12:23:26,
anchorinvestmentholdings.co.za,0,0,0,0,0,1,1,1,0,2025-05-11 06:35:51,2025-06-09 10:29:08
fxoversea.com,0,35,28,0,0,1,0,1,1,2024-02-15 18:16:39,2025-05-14 01:36:54
fxcproreview.com,0,37,56,0,10,15,2,15,9,2024-02-07 23:10:07,2025-07-14 22:01:07
thetradingmarkets.site,0,34,0,0,0,1,1,1,1,2024-07-28 17:08:49,2024-09-09 12:17:27
rabbitoff.com,0,35,9,0,0,2,2,0,2,2024-12-04 12:11:43,
pickpropfirm.com,0,0,0,0,0,1,1,0,1,2025-02-01 13:40:01,
adviser-forum.com,0,0,0,0,0,4,4,0,4,2025-04-12 17:39:55,
4xgoldenfisher.com,0,25,38,0,0,2,1,0,2,2024-02-28 20:39:31,
albaprop.com,0,0,0,0,0,6,6,0,5,2025-01-18 13:02:26,
prop-ea.com,0,32,8,0,3,1,1,0,1,2025-03-13 19:24:35,
traders.associates,0,0,0,0,1,1,1,1,1,2025-01-27 14:15:41,2025-02-24 04:20:59
rankingpropfirm.com,0,0,0,0,36,2,0,0,2,2024-02-09 05:38:41,
fittechcore.in,0,0,0,0,0,1,1,0,1,2025-05-13 12:59:57,
propfirmscenter.com,0,0,0,0,0,15,15,4,15,2025-01-17 11:11:44,
tradeaholiks.com,0,0,0,0,0,3,3,0,3,2025-05-18 07:05:00,
engines.pro,0,0,0,0,0,2,2,0,0,2025-04-14 22:48:29,
cypermoney.com,0,0,0,0,0,2,0,2,2,2024-02-09 07:14:16,2025-06-22 08:33:37
propfirmsplus.com,0,26,16,0,0,1,1,0,1,2024-08-29 19:52:16,
pickyourpropfirm.com,0,27,0,0,0,2,0,2,0,2024-05-28 20:05:35,2025-05-21 07:55:10
propfirmsview.com,0,0,0,0,0,6,6,0,1,2025-03-16 12:28:18,
propfirmdirect.com,0,26,4,0,0,1,1,0,1,2024-10-22 10:46:51,
viewbook.in,0,0,0,0,0,2,2,2,0,2025-04-06 17:51:41,2025-07-05 20:09:07
fxeye25.com,0,0,0,0,0,1,1,0,1,2025-04-02 13:04:20,
propstreet.live,0,0,0,0,0,3,0,3,3,2024-03-08 02:15:31,2025-07-21 14:20:15
pipsaddiction.com,0,25,5,0,0,3,2,3,3,2024-07-08 03:06:28,2025-07-08 20:08:25
elitetradinghub.com,0,28,7,0,1,2,2,0,0,2025-03-18 08:22:34,
propfirmdiscount.com,0,26,55,0,3,52,29,40,24,2024-02-08 16:08:38,
passedprop.com,0,0,0,0,1,4,4,3,4,2025-01-05 15:13:03,
propfirmauda.com,0,26,8,0,0,2,1,2,2,2024-07-09 20:21:37,2024-11-20 08:47:27
wethriftcoupon.com,0,0,0,0,5,2,2,0,1,2024-12-01 07:30:03,
xpassbot.com,0,24,0,0,1,1,1,0,0,2024-08-09 16:09:21,
jmtcapitaltrading.com,0,32,12,0,0,114,114,0,114,2024-09-10 10:38:50,
thefloor.co.in,0,0,0,0,3,1,1,0,1,2025-01-01 05:47:37,
pipspulse.site,0,0,0,0,1,2,2,0,2,2024-12-04 11:25:57,
invest-investment.net,0,0,0,0,3,3,3,0,1,2025-05-25 15:23:52,
natronfx.com,0,23,23,0,4,2,2,0,2,2025-03-26 14:12:22,
dotmovie.org,0,39,0,0,3,1,0,1,1,2024-02-10 11:13:42,2025-05-13 17:12:54
adscav.com,0,29,11,0,0,2,2,1,1,2024-11-10 01:20:14,
passproai.com,0,0,0,0,1,1,1,0,1,2025-07-20 10:59:25,
ftg-global.com,0,33,49,0,4,2,2,0,2,2025-05-07 15:50:24,
fxdeguru.com,0,0,0,0,3,1,1,1,1,2025-01-18 02:20:08,2025-03-19 14:57:02
propfirmdiscount.top,0,0,0,0,0,65,65,0,65,2025-01-16 12:02:01,
matchtrading.es,0,0,0,0,2,2,2,0,2,2025-02-23 18:33:46,
ftmofundedmasterking.com,0,40,7,0,0,7,0,7,7,2024-02-14 01:31:42,2024-08-24 20:02:22
